codigo_inep;nome_escola;municipio;status_matching_ccm;status_matching_rendimento;obs_rendimento;status_matching_ideb;obs_ideb
41000021;AGOSTINHO STEFANELLO E E CMEF;Alto Paraná;CONFIRMADO;CONFIRMADO;Código INEP localizado nas tabelas de taxas de rendimento do Censo Escolar.;CONFIRMADO;Código INEP localizado na base oficial de divulgação do IDEB.
41000978;MACHADO DE ASSIS E EEF;Itaúna do Sul;CONFIRMADO;CONFIRMADO;Código INEP localizado nas tabelas de taxas de rendimento do Censo Escolar.;CONFIRMADO;Código INEP localizado na base oficial de divulgação do IDEB.
41001222;LAMARTINE R SOARES C E DREF M;Loanda;CONFIRMADO;CONFIRMADO;Código INEP localizado nas tabelas de taxas de rendimento do Censo Escolar.;CONFIRMADO;Código INEP localizado na base oficial de divulgação do IDEB.
41003292;SANTOS DUMONT C E CMEF M;Santa Cruz de Monte Castelo;CONFIRMADO;CONFIRMADO;Código INEP localizado nas tabelas de taxas de rendimento do Censo Escolar.;CONFIRMADO;Código INEP localizado na base oficial de divulgação do IDEB.
41004051;SANTO INACIO DE LOYOLA C E CMEF M;Terra Rica;CONFIRMADO;CONFIRMADO;Código INEP localizado nas tabelas de taxas de rendimento do Censo Escolar.;CONFIRMADO;Código INEP localizado na base oficial de divulgação do IDEB.
41004957;ANCHIETA C E CMEF M N;Cruzeiro do Oeste;CONFIRMADO;CONFIRMADO;Código INEP localizado nas tabelas de taxas de rendimento do Censo Escolar.;CONFIRMADO;Código INEP localizado na base oficial de divulgação do IDEB.
41007131;NESTOR VICTOR C EEF M N PROFIS;Pérola;CONFIRMADO;CONFIRMADO;Código INEP localizado nas tabelas de taxas de rendimento do Censo Escolar.;CONFIRMADO;Código INEP localizado na base oficial de divulgação do IDEB.
41007280;CASTELO BRANCO E E CM PRESEF;Tapira;CONFIRMADO;CONFIRMADO;Código INEP localizado nas tabelas de taxas de rendimento do Censo Escolar.;CONFIRMADO;Código INEP localizado na base oficial de divulgação do IDEB.
41008111;NEIVA PAVAN M GARCIA C E PROFA EF M;Umuarama;CONFIRMADO;CONFIRMADO;Código INEP localizado nas tabelas de taxas de rendimento do Censo Escolar.;CONFIRMADO;Código INEP localizado na base oficial de divulgação do IDEB.
41010132;RUI BARBOSA C EEF EM PROFIS;Japurá;CONFIRMADO;CONFIRMADO;Código INEP localizado nas tabelas de taxas de rendimento do Censo Escolar.;CONFIRMADO;Código INEP localizado na base oficial de divulgação do IDEB.
41010345;CASTRO ALVES C E CMEM PROFIS;Rondon;CONFIRMADO;CONFIRMADO;Código INEP localizado nas tabelas de taxas de rendimento do Censo Escolar.;CONFIRMADO;Código INEP localizado na base oficial de divulgação do IDEB.
41010540;SANTOS DUMONT C EEF M N;São Tomé;CONFIRMADO;CONFIRMADO;Código INEP localizado nas tabelas de taxas de rendimento do Censo Escolar.;CONFIRMADO;Código INEP localizado na base oficial de divulgação do IDEB.
41012631;RIBEIRO DE CAMPOS E E CMEF;Goioerê;CONFIRMADO;CONFIRMADO;Código INEP localizado nas tabelas de taxas de rendimento do Censo Escolar.;CONFIRMADO;Código INEP localizado na base oficial de divulgação do IDEB.
41016254;ANTONIO VIEIRA C E PEEF M PROF NORMAL;Engenheiro Beltrão;CONFIRMADO;CONFIRMADO;Código INEP localizado nas tabelas de taxas de rendimento do Censo Escolar.;CONFIRMADO;Código INEP localizado na base oficial de divulgação do IDEB.
41018800;LEO KOHLER E E CM PROFEF;Terra Boa;CONFIRMADO;CONFIRMADO;Código INEP localizado nas tabelas de taxas de rendimento do Censo Escolar.;CONFIRMADO;Código INEP localizado na base oficial de divulgação do IDEB.
41020189;OSVALDO ARANHA E EEF;Lobato;CONFIRMADO;CONFIRMADO;Código INEP localizado nas tabelas de taxas de rendimento do Censo Escolar.;CONFIRMADO;Código INEP localizado na base oficial de divulgação do IDEB.
41020286;FRANCISCO J PERIOTO E E CM PROFEF;Mandaguaçu;CONFIRMADO;CONFIRMADO;Código INEP localizado nas tabelas de taxas de rendimento do Censo Escolar.;CONFIRMADO;Código INEP localizado na base oficial de divulgação do IDEB.
41020685;FRANCISCO P X LOPES E E CONEF;Nova Esperança;CONFIRMADO;CONFIRMADO;Código INEP localizado nas tabelas de taxas de rendimento do Censo Escolar.;CONFIRMADO;Código INEP localizado na base oficial de divulgação do IDEB.
41020910;CECILIA MEIRELES E E CMEF;Santa Fé;CONFIRMADO;CONFIRMADO;Código INEP localizado nas tabelas de taxas de rendimento do Censo Escolar.;CONFIRMADO;Código INEP localizado na base oficial de divulgação do IDEB.
41021010;MANOEL F ALMEIDA E E CM DREF;Santo Inácio;CONFIRMADO;CONFIRMADO;Código INEP localizado nas tabelas de taxas de rendimento do Censo Escolar.;CONFIRMADO;Código INEP localizado na base oficial de divulgação do IDEB.
41021100;ANASTACIO CEREZINE E E CMEF;Alvorada do Sul;CONFIRMADO;CONFIRMADO;Código INEP localizado nas tabelas de taxas de rendimento do Censo Escolar.;CONFIRMADO;Código INEP localizado na base oficial de divulgação do IDEB.
41022750;ARTHUR C E SILVA E E CM PRESEF;Floresta;CONFIRMADO;CONFIRMADO;Código INEP localizado nas tabelas de taxas de rendimento do Censo Escolar.;CONFIRMADO;Código INEP localizado na base oficial de divulgação do IDEB.
41024281;MARCO A PIMENTA C EEF M;Maringá;CONFIRMADO;CONFIRMADO;Código INEP localizado nas tabelas de taxas de rendimento do Censo Escolar.;CONFIRMADO;Código INEP localizado na base oficial de divulgação do IDEB.
41024923;IZABEL C E PRINCEF M;Paiçandu;CONFIRMADO;CONFIRMADO;Código INEP localizado nas tabelas de taxas de rendimento do Censo Escolar.;CONFIRMADO;Código INEP localizado na base oficial de divulgação do IDEB.
41024931;NEIDE BERTASSO BERALDO C EEF M PROFIS;Paiçandu;CONFIRMADO;CONFIRMADO;Código INEP localizado nas tabelas de taxas de rendimento do Censo Escolar.;CONFIRMADO;Código INEP localizado na base oficial de divulgação do IDEB.
41025318;ALBERTO SANTOS DUMONT C E CMEF M P;Apucarana;CONFIRMADO;CONFIRMADO;Código INEP localizado nas tabelas de taxas de rendimento do Censo Escolar.;CONFIRMADO;Código INEP localizado na base oficial de divulgação do IDEB.
41025636;FRANCISCO A SOUSA E E PROFEF;Apucarana;CONFIRMADO;CONFIRMADO;Código INEP localizado nas tabelas de taxas de rendimento do Censo Escolar.;CONFIRMADO;Código INEP localizado na base oficial de divulgação do IDEB.
41025806;JOSE DE ANCHIETA C E CM PEEF M PROFIS;Apucarana;CONFIRMADO;CONFIRMADO;Código INEP localizado nas tabelas de taxas de rendimento do Censo Escolar.;CONFIRMADO;Código INEP localizado na base oficial de divulgação do IDEB.
41026055;OSMAR GUARACY FREIRE C E CMEF M P;Apucarana;CONFIRMADO;CONFIRMADO;Código INEP localizado nas tabelas de taxas de rendimento do Censo Escolar.;CONFIRMADO;Código INEP localizado na base oficial de divulgação do IDEB.
41026152;POLIVALENTE C D SILVA C E CMEF M P;Apucarana;CONFIRMADO;CONFIRMADO;Código INEP localizado nas tabelas de taxas de rendimento do Censo Escolar.;CONFIRMADO;Código INEP localizado na base oficial de divulgação do IDEB.
41026411;ANTONIO RACANELLO SAMPAIO C EEF M;Arapongas;CONFIRMADO;CONFIRMADO;Código INEP localizado nas tabelas de taxas de rendimento do Censo Escolar.;CONFIRMADO;Código INEP localizado na base oficial de divulgação do IDEB.
41026705;IVANILDE DE NORONHA C EEF M;Arapongas;CONFIRMADO;CONFIRMADO;Código INEP localizado nas tabelas de taxas de rendimento do Censo Escolar.;CONFIRMADO;Código INEP localizado na base oficial de divulgação do IDEB.
41026764;JULIA WANDERLEY E E PROFAEF;Arapongas;CONFIRMADO;CONFIRMADO;Código INEP localizado nas tabelas de taxas de rendimento do Censo Escolar.;CONFIRMADO;Código INEP localizado na base oficial de divulgação do IDEB.
41027370;ROSA D CALSAVARA C E CMEF M PROFIS;Cambira;CONFIRMADO;CONFIRMADO;Código INEP localizado nas tabelas de taxas de rendimento do Censo Escolar.;CONFIRMADO;Código INEP localizado na base oficial de divulgação do IDEB.
41028279;HERMINIA R LUPION C EEF M PROFIS;Sabáudia;CONFIRMADO;CONFIRMADO;Código INEP localizado nas tabelas de taxas de rendimento do Censo Escolar.;CONFIRMADO;Código INEP localizado na base oficial de divulgação do IDEB.
41028406;ANDREA NUZZI C E CM MAESTROEF M P;Cambé;CONFIRMADO;CONFIRMADO;Código INEP localizado nas tabelas de taxas de rendimento do Censo Escolar.;CONFIRMADO;Código INEP localizado na base oficial de divulgação do IDEB.
41028457;ATTILIO CODATO C E CMEF M;Cambé;CONFIRMADO;CONFIRMADO;Código INEP localizado nas tabelas de taxas de rendimento do Censo Escolar.;CONFIRMADO;Código INEP localizado na base oficial de divulgação do IDEB.
41028732;HELENA KOLODY C E CM PROFEF M;Cambé;CONFIRMADO;CONFIRMADO;Código INEP localizado nas tabelas de taxas de rendimento do Censo Escolar.;CONFIRMADO;Código INEP localizado na base oficial de divulgação do IDEB.
41028902;MANUEL BANDEIRA C E CMEF M PROFIS;Cambé;CONFIRMADO;CONFIRMADO;Código INEP localizado nas tabelas de taxas de rendimento do Censo Escolar.;CONFIRMADO;Código INEP localizado na base oficial de divulgação do IDEB.
41030125;CARLOS DE ALMEIDA C E CMEF M PROFIS;Londrina;CONFIRMADO;CONFIRMADO;Código INEP localizado nas tabelas de taxas de rendimento do Censo Escolar.;CONFIRMADO;Código INEP localizado na base oficial de divulgação do IDEB.
41030265;CELIA M DE OLIVEIRA C E CM PROFEF M P;Londrina;CONFIRMADO;CONFIRMADO;Código INEP localizado nas tabelas de taxas de rendimento do Censo Escolar.;CONFIRMADO;Código INEP localizado na base oficial de divulgação do IDEB.
41030486;WISTREMUNDO R P GARCIA C E CM PEEFM P;Londrina;CONFIRMADO;CONFIRMADO;Código INEP localizado nas tabelas de taxas de rendimento do Censo Escolar.;CONFIRMADO;Código INEP localizado na base oficial de divulgação do IDEB.
41030800;HEBER S VARGAS C E CM PROF DREF M P;Londrina;CONFIRMADO;CONFIRMADO;Código INEP localizado nas tabelas de taxas de rendimento do Censo Escolar.;CONFIRMADO;Código INEP localizado na base oficial de divulgação do IDEB.
41031237;HUGO SIMAS C E CMEF M PROFIS;Londrina;CONFIRMADO;CONFIRMADO;Código INEP localizado nas tabelas de taxas de rendimento do Censo Escolar.;CONFIRMADO;Código INEP localizado na base oficial de divulgação do IDEB.
41031253;HUMBERTO P COUTINHO C E CMEF M PROFIS;Londrina;CONFIRMADO;CONFIRMADO;Código INEP localizado nas tabelas de taxas de rendimento do Censo Escolar.;CONFIRMADO;Código INEP localizado na base oficial de divulgação do IDEB.
41031709;LAURO G DA V PESSOA E E CM PROFEF;Londrina;CONFIRMADO;CONFIRMADO;Código INEP localizado nas tabelas de taxas de rendimento do Censo Escolar.;CONFIRMADO;Código INEP localizado na base oficial de divulgação do IDEB.
41031750;LUCIA B LISBOA C E PROFAEF M;Londrina;CONFIRMADO;CONFIRMADO;Código INEP localizado nas tabelas de taxas de rendimento do Censo Escolar.;CONFIRMADO;Código INEP localizado na base oficial de divulgação do IDEB.
41031873;MARGARIDA B LISBOA C E CM PROFAEF M;Londrina;CONFIRMADO;CONFIRMADO;Código INEP localizado nas tabelas de taxas de rendimento do Censo Escolar.;CONFIRMADO;Código INEP localizado na base oficial de divulgação do IDEB.
41032225;NEWTON GUIMARAES C E CM PROFEF M;Londrina;CONFIRMADO;CONFIRMADO;Código INEP localizado nas tabelas de taxas de rendimento do Censo Escolar.;CONFIRMADO;Código INEP localizado na base oficial de divulgação do IDEB.
41032241;NILO PECANHA C E CMEF M PROFIS;Londrina;CONFIRMADO;CONFIRMADO;Código INEP localizado nas tabelas de taxas de rendimento do Censo Escolar.;CONFIRMADO;Código INEP localizado na base oficial de divulgação do IDEB.
41032446;OLYMPIA M TORMENTA C E CM PROFEF M P;Londrina;CONFIRMADO;CONFIRMADO;Código INEP localizado nas tabelas de taxas de rendimento do Censo Escolar.;CONFIRMADO;Código INEP localizado na base oficial de divulgação do IDEB.
41032853;RIO BRANCO C E CM BAR DOEF M;Londrina;CONFIRMADO;CONFIRMADO;Código INEP localizado nas tabelas de taxas de rendimento do Censo Escolar.;CONFIRMADO;Código INEP localizado na base oficial de divulgação do IDEB.
41033620;LAURO P TAVARES C E CM DREF M;Rolândia;CONFIRMADO;CONFIRMADO;Código INEP localizado nas tabelas de taxas de rendimento do Censo Escolar.;CONFIRMADO;Código INEP localizado na base oficial de divulgação do IDEB.
41037324;ANTONIO DINIZ PEREIRA C E CMEF M;Ivaiporã;CONFIRMADO;CONFIRMADO;Código INEP localizado nas tabelas de taxas de rendimento do Censo Escolar.;CONFIRMADO;Código INEP localizado na base oficial de divulgação do IDEB.
41037413;BENTO MOSSURUNGA C EEF M;Ivaiporã;CONFIRMADO;CONFIRMADO;Código INEP localizado nas tabelas de taxas de rendimento do Censo Escolar.;CONFIRMADO;Código INEP localizado na base oficial de divulgação do IDEB.
41039068;NEREU RAMOS E E CMEF;Manoel Ribas;CONFIRMADO;CONFIRMADO;Código INEP localizado nas tabelas de taxas de rendimento do Censo Escolar.;CONFIRMADO;Código INEP localizado na base oficial de divulgação do IDEB.
41040317;JOSE DE MATTOS LEAO C E CMEF M;São João do Ivaí;CONFIRMADO;CONFIRMADO;Código INEP localizado nas tabelas de taxas de rendimento do Censo Escolar.;CONFIRMADO;Código INEP localizado na base oficial de divulgação do IDEB.
41040694;VICENTE MACHADO C E CMEF M;São Pedro do Ivaí;CONFIRMADO;CONFIRMADO;Código INEP localizado nas tabelas de taxas de rendimento do Censo Escolar.;CONFIRMADO;Código INEP localizado na base oficial de divulgação do IDEB.
41040759;CARRAO C E CONSEF M;Assaí;CONFIRMADO;CONFIRMADO;Código INEP localizado nas tabelas de taxas de rendimento do Censo Escolar.;CONFIRMADO;Código INEP localizado na base oficial de divulgação do IDEB.
41042670;RUI BARBOSA C E EF M N PROFIS;Abatiá;CONFIRMADO;CONFIRMADO;Código INEP localizado nas tabelas de taxas de rendimento do Censo Escolar.;CONFIRMADO;Código INEP localizado na base oficial de divulgação do IDEB.
41042778;STELLA MARIS C E CMEF M;Andirá;CONFIRMADO;CONFIRMADO;Código INEP localizado nas tabelas de taxas de rendimento do Censo Escolar.;CONFIRMADO;Código INEP localizado na base oficial de divulgação do IDEB.
41043375;NOBREGA DA CUNHA C E CMEF M;Bandeirantes;CONFIRMADO;CONFIRMADO;Código INEP localizado nas tabelas de taxas de rendimento do Censo Escolar.;CONFIRMADO;Código INEP localizado na base oficial de divulgação do IDEB.
41046218;ANTONIO BITONTI E E CM PROFEF;Sertaneja;CONFIRMADO;CONFIRMADO;Código INEP localizado nas tabelas de taxas de rendimento do Censo Escolar.;CONFIRMADO;Código INEP localizado na base oficial de divulgação do IDEB.
41046552;CAROLINA LUPION C E CM DONAEF M;Cambará;CONFIRMADO;CONFIRMADO;Código INEP localizado nas tabelas de taxas de rendimento do Censo Escolar.;CONFIRMADO;Código INEP localizado na base oficial de divulgação do IDEB.
41046960;ANESIO DE A LEITE C E CMEF M PROFIS;Jacarezinho;CONFIRMADO;CONFIRMADO;Código INEP localizado nas tabelas de taxas de rendimento do Censo Escolar.;CONFIRMADO;Código INEP localizado na base oficial de divulgação do IDEB.
41051351;MIGUEL DIAS C EEF M PROFIS;Joaquim Távora;CONFIRMADO;CONFIRMADO;Código INEP localizado nas tabelas de taxas de rendimento do Censo Escolar.;CONFIRMADO;Código INEP localizado na base oficial de divulgação do IDEB.
41052250;NEWTON SAMPAIO C E CMEF M;São José da Boa Vista;CONFIRMADO;CONFIRMADO;Código INEP localizado nas tabelas de taxas de rendimento do Censo Escolar.;CONFIRMADO;Código INEP localizado na base oficial de divulgação do IDEB.
41053494;MIGUEL NASSIF MALUF C E CMEF M;Wenceslau Braz;CONFIRMADO;CONFIRMADO;Código INEP localizado nas tabelas de taxas de rendimento do Censo Escolar.;CONFIRMADO;Código INEP localizado na base oficial de divulgação do IDEB.
41056264;JARDIM ALEGRE C E CMEF M PROFIS;Telêmaco Borba;CONFIRMADO;CONFIRMADO;Código INEP localizado nas tabelas de taxas de rendimento do Censo Escolar.;CONFIRMADO;Código INEP localizado na base oficial de divulgação do IDEB.
41056574;TANCREDO NEVES C E PRESEF M PROFIS;Imbaú;CONFIRMADO;CONFIRMADO;Código INEP localizado nas tabelas de taxas de rendimento do Censo Escolar.;CONFIRMADO;Código INEP localizado na base oficial de divulgação do IDEB.
41060296;JULIA WANDERLEY C EEF M PROFIS;Carambeí;CONFIRMADO;CONFIRMADO;Código INEP localizado nas tabelas de taxas de rendimento do Censo Escolar.;CONFIRMADO;Código INEP localizado na base oficial de divulgação do IDEB.
41060466;NICOLAU BALTASAR C E PEEF M;Castro;CONFIRMADO;CONFIRMADO;Código INEP localizado nas tabelas de taxas de rendimento do Censo Escolar.;CONFIRMADO;Código INEP localizado na base oficial de divulgação do IDEB.
41062108;BECKER E SILVA C E CM PROFEF M PROFIS;Ponta Grossa;CONFIRMADO;CONFIRMADO;Código INEP localizado nas tabelas de taxas de rendimento do Censo Escolar.;CONFIRMADO;Código INEP localizado na base oficial de divulgação do IDEB.
41062191;CARLOS ZELESNY C E CM PEEF M;Ponta Grossa;CONFIRMADO;CONFIRMADO;Código INEP localizado nas tabelas de taxas de rendimento do Censo Escolar.;CONFIRMADO;Código INEP localizado na base oficial de divulgação do IDEB.
41062272;INST ED E PROF CESAR P MARTINEZF M N P;Ponta Grossa;CONFIRMADO;CONFIRMADO;Código INEP localizado nas tabelas de taxas de rendimento do Censo Escolar.;CONFIRMADO;Código INEP localizado na base oficial de divulgação do IDEB.
41062469;EPAMINONDAS N RIBAS C E CM DREF M P;Ponta Grossa;CONFIRMADO;CONFIRMADO;Código INEP localizado nas tabelas de taxas de rendimento do Censo Escolar.;CONFIRMADO;Código INEP localizado na base oficial de divulgação do IDEB.
41062914;KENNEDY C E PRESEFMPN;Ponta Grossa;CONFIRMADO;CONFIRMADO;Código INEP localizado nas tabelas de taxas de rendimento do Censo Escolar.;CONFIRMADO;Código INEP localizado na base oficial de divulgação do IDEB.
41062949;LINDA S BACILA C E PROFAEF M PROFIS;Ponta Grossa;CONFIRMADO;CONFIRMADO;Código INEP localizado nas tabelas de taxas de rendimento do Censo Escolar.;CONFIRMADO;Código INEP localizado na base oficial de divulgação do IDEB.
41063031;MENELEU A TORRES C E PROFEF M PROFIS;Ponta Grossa;CONFIRMADO;CONFIRMADO;Código INEP localizado nas tabelas de taxas de rendimento do Censo Escolar.;CONFIRMADO;Código INEP localizado na base oficial de divulgação do IDEB.
41063058;MONTEIRO LOBATO E EEF;Ponta Grossa;CONFIRMADO;CONFIRMADO;Código INEP localizado nas tabelas de taxas de rendimento do Censo Escolar.;CONFIRMADO;Código INEP localizado na base oficial de divulgação do IDEB.
41063139;NOSSA SRA DA GLORIA C E CMEF M;Ponta Grossa;CONFIRMADO;CONFIRMADO;Código INEP localizado nas tabelas de taxas de rendimento do Censo Escolar.;CONFIRMADO;Código INEP localizado na base oficial de divulgação do IDEB.
41063155;OSORIO C E CM GALEF M PROFIS;Ponta Grossa;CONFIRMADO;CONFIRMADO;Código INEP localizado nas tabelas de taxas de rendimento do Censo Escolar.;CONFIRMADO;Código INEP localizado na base oficial de divulgação do IDEB.
41063384;SANTA MARIA C EEF M;Ponta Grossa;CONFIRMADO;CONFIRMADO;Código INEP localizado nas tabelas de taxas de rendimento do Censo Escolar.;CONFIRMADO;Código INEP localizado na base oficial de divulgação do IDEB.
41067029;GRACILIANO RAMOS E E CMEF;Santa Helena;CONFIRMADO;CONFIRMADO;Código INEP localizado nas tabelas de taxas de rendimento do Censo Escolar.;CONFIRMADO;Código INEP localizado na base oficial de divulgação do IDEB.
41068688;JOAO ARNALDO RITT C E CMEF M;Toledo;CONFIRMADO;CONFIRMADO;Código INEP localizado nas tabelas de taxas de rendimento do Censo Escolar.;CONFIRMADO;Código INEP localizado na base oficial de divulgação do IDEB.
41068807;LUIZ AUGUSTO M REGO C E CMEF M PROFIS;Toledo;CONFIRMADO;CONFIRMADO;Código INEP localizado nas tabelas de taxas de rendimento do Censo Escolar.;CONFIRMADO;Código INEP localizado na base oficial de divulgação do IDEB.
41068998;NOVO SARANDI C E CEF M;Toledo;CONFIRMADO;CONFIRMADO;Código INEP localizado nas tabelas de taxas de rendimento do Censo Escolar.;CONFIRMADO;Código INEP localizado na base oficial de divulgação do IDEB.
41070224;ALBERTO S DUMONT C EEF M N PROFIS;Cafelândia;CONFIRMADO;CONFIRMADO;Código INEP localizado nas tabelas de taxas de rendimento do Censo Escolar.;CONFIRMADO;Código INEP localizado na base oficial de divulgação do IDEB.
41070585;CARLOS A CAMARGO C E CMEF M PROFIS;Capitão Leônidas Marques;CONFIRMADO;CONFIRMADO;Código INEP localizado nas tabelas de taxas de rendimento do Censo Escolar.;CONFIRMADO;Código INEP localizado na base oficial de divulgação do IDEB.
41071018;XIV DE NOVEMBRO C E CMEF M;Cascavel;CONFIRMADO;CONFIRMADO;Código INEP localizado nas tabelas de taxas de rendimento do Censo Escolar.;CONFIRMADO;Código INEP localizado na base oficial de divulgação do IDEB.
41071409;HUMBERTO A C BRANCO C E CM MALEF M P;Cascavel;CONFIRMADO;CONFIRMADO;Código INEP localizado nas tabelas de taxas de rendimento do Censo Escolar.;CONFIRMADO;Código INEP localizado na base oficial de divulgação do IDEB.
41071590;JOSE A B ORSO C E CMEF M PROF;Cascavel;CONFIRMADO;CONFIRMADO;Código INEP localizado nas tabelas de taxas de rendimento do Censo Escolar.;CONFIRMADO;Código INEP localizado na base oficial de divulgação do IDEB.
41071832;MARILIS F PIROTELLI C EEF M;Cascavel;CONFIRMADO;CONFIRMADO;Código INEP localizado nas tabelas de taxas de rendimento do Censo Escolar.;CONFIRMADO;Código INEP localizado na base oficial de divulgação do IDEB.
41072626;AMANCIO MORO C E CM EF M N PROFIS;Corbélia;CONFIRMADO;CONFIRMADO;Código INEP localizado nas tabelas de taxas de rendimento do Censo Escolar.;CONFIRMADO;Código INEP localizado na base oficial de divulgação do IDEB.
41073037;OSORIO DUQUE ESTRADA C E CMEF M;Diamante do Sul;CONFIRMADO;CONFIRMADO;Código INEP localizado nas tabelas de taxas de rendimento do Censo Escolar.;CONFIRMADO;Código INEP localizado na base oficial de divulgação do IDEB.
41075919;ALMIRO SARTORI C EEF M PROFIS;Foz do Iguaçu;CONFIRMADO;CONFIRMADO;Código INEP localizado nas tabelas de taxas de rendimento do Censo Escolar.;CONFIRMADO;Código INEP localizado na base oficial de divulgação do IDEB.
41076036;AYRTON SENNA DA SILVA C EEF M N PROFIS;Foz do Iguaçu;CONFIRMADO;CONFIRMADO;Código INEP localizado nas tabelas de taxas de rendimento do Censo Escolar.;CONFIRMADO;Código INEP localizado na base oficial de divulgação do IDEB.
41076354;CARLOS DRUM DE ANDRADE C E CMEF M P;Foz do Iguaçu;CONFIRMADO;CONFIRMADO;Código INEP localizado nas tabelas de taxas de rendimento do Censo Escolar.;CONFIRMADO;Código INEP localizado na base oficial de divulgação do IDEB.
41076605;JUSCELINO K DE OLIVEIRA C EEF M PROFIS;Foz do Iguaçu;CONFIRMADO;CONFIRMADO;Código INEP localizado nas tabelas de taxas de rendimento do Censo Escolar.;CONFIRMADO;Código INEP localizado na base oficial de divulgação do IDEB.
41077512;ARTHUR DA C SILVA C E CM MALEF M P;Medianeira;CONFIRMADO;CONFIRMADO;Código INEP localizado nas tabelas de taxas de rendimento do Censo Escolar.;CONFIRMADO;Código INEP localizado na base oficial de divulgação do IDEB.
41077776;KENNEDY C E C CM PRESEF M;Serranópolis do Iguaçu;CONFIRMADO;CONFIRMADO;Código INEP localizado nas tabelas de taxas de rendimento do Censo Escolar.;CONFIRMADO;Código INEP localizado na base oficial de divulgação do IDEB.
41078586;ARCANGELO NANDI C EE F M;Santa Terezinha de Itaipu;CONFIRMADO;CONFIRMADO;Código INEP localizado nas tabelas de taxas de rendimento do Censo Escolar.;CONFIRMADO;Código INEP localizado na base oficial de divulgação do IDEB.
41079469;PARANAGUA C E MQ DEEF M PROFIS;Vera Cruz do Oeste;CONFIRMADO;CONFIRMADO;Código INEP localizado nas tabelas de taxas de rendimento do Censo Escolar.;CONFIRMADO;Código INEP localizado na base oficial de divulgação do IDEB.
41081340;JOAO ZACCO PARANA C E CMEF M;Planalto;CONFIRMADO;CONFIRMADO;Código INEP localizado nas tabelas de taxas de rendimento do Censo Escolar.;CONFIRMADO;Código INEP localizado na base oficial de divulgação do IDEB.
41084721;JOSE DE ANCHIETA C EEF M;Dois Vizinhos;CONFIRMADO;CONFIRMADO;Código INEP localizado nas tabelas de taxas de rendimento do Censo Escolar.;CONFIRMADO;Código INEP localizado na base oficial de divulgação do IDEB.
41084772;LEONARDO DA VINCI C E CMEF M N PROFIS;Dois Vizinhos;CONFIRMADO;CONFIRMADO;Código INEP localizado nas tabelas de taxas de rendimento do Censo Escolar.;CONFIRMADO;Código INEP localizado na base oficial de divulgação do IDEB.
41085906;EDUARDO VIRMOND SUPLICY C E DREF M P;Francisco Beltrão;CONFIRMADO;CONFIRMADO;Código INEP localizado nas tabelas de taxas de rendimento do Censo Escolar.;CONFIRMADO;Código INEP localizado na base oficial de divulgação do IDEB.
41086945;MARMELEIRO C E DEEF M;Marmeleiro;CONFIRMADO;CONFIRMADO;Código INEP localizado nas tabelas de taxas de rendimento do Censo Escolar.;CONFIRMADO;Código INEP localizado na base oficial de divulgação do IDEB.
41089006;JORGE DE LIMA E E CMEF;Salto do Lontra;CONFIRMADO;CONFIRMADO;Código INEP localizado nas tabelas de taxas de rendimento do Censo Escolar.;CONFIRMADO;Código INEP localizado na base oficial de divulgação do IDEB.
41092694;ISIDORO DUMONT E E CM IREF;Itapejara d'Oeste;CONFIRMADO;CONFIRMADO;Código INEP localizado nas tabelas de taxas de rendimento do Censo Escolar.;CONFIRMADO;Código INEP localizado na base oficial de divulgação do IDEB.
41093666;SAO JOAO BOSCO C E CMEF M P;Pato Branco;CONFIRMADO;CONFIRMADO;Código INEP localizado nas tabelas de taxas de rendimento do Censo Escolar.;CONFIRMADO;Código INEP localizado na base oficial de divulgação do IDEB.
41099133;OLAVO BILAC C EEF M N PROFIS;Cantagalo;CONFIRMADO;CONFIRMADO;Código INEP localizado nas tabelas de taxas de rendimento do Censo Escolar.;CONFIRMADO;Código INEP localizado na base oficial de divulgação do IDEB.
41099940;CESAR STANGE C EEF M;Guarapuava;CONFIRMADO;CONFIRMADO;Código INEP localizado nas tabelas de taxas de rendimento do Censo Escolar.;CONFIRMADO;Código INEP localizado na base oficial de divulgação do IDEB.
41100689;LENI MARLENE JACOB C E CM PROFAEF M P;Guarapuava;CONFIRMADO;CONFIRMADO;Código INEP localizado nas tabelas de taxas de rendimento do Censo Escolar.;CONFIRMADO;Código INEP localizado na base oficial de divulgação do IDEB.
41101006;PALMEIRINHA C E DO C DEEF M PROF;Guarapuava;CONFIRMADO;CONFIRMADO;Código INEP localizado nas tabelas de taxas de rendimento do Censo Escolar.;CONFIRMADO;Código INEP localizado na base oficial de divulgação do IDEB.
41105176;ALTO RECREIO C E CMEF M;Quedas do Iguaçu;CONFIRMADO;CONFIRMADO;Código INEP localizado nas tabelas de taxas de rendimento do Censo Escolar.;CONFIRMADO;Código INEP localizado na base oficial de divulgação do IDEB.
41122801;ALBERTO KRAUSE C E CM PROFEF M P;Almirante Tamandaré;CONFIRMADO;CONFIRMADO;Código INEP localizado nas tabelas de taxas de rendimento do Censo Escolar.;CONFIRMADO;Código INEP localizado na base oficial de divulgação do IDEB.
41122836;EMILIA BUZATO C E CM EF M PROFIS;Campo Magro;CONFIRMADO;CONFIRMADO;Código INEP localizado nas tabelas de taxas de rendimento do Censo Escolar.;CONFIRMADO;Código INEP localizado na base oficial de divulgação do IDEB.
41122860;FLORIPA TEIXEIRA DE FARIA C EEF M PROF;Almirante Tamandaré;CONFIRMADO;CONFIRMADO;Código INEP localizado nas tabelas de taxas de rendimento do Censo Escolar.;CONFIRMADO;Código INEP localizado na base oficial de divulgação do IDEB.
41123212;ROSA F JOHNSON E E CM PROFA EF;Almirante Tamandaré;CONFIRMADO;CONFIRMADO;Código INEP localizado nas tabelas de taxas de rendimento do Censo Escolar.;CONFIRMADO;Código INEP localizado na base oficial de divulgação do IDEB.
41123301;TANCREDO NEVES C EEF M;Almirante Tamandaré;CONFIRMADO;CONFIRMADO;Código INEP localizado nas tabelas de taxas de rendimento do Censo Escolar.;CONFIRMADO;Código INEP localizado na base oficial de divulgação do IDEB.
41124014;JUVENTUDE DE SANTO ANTONIO C E CMEF M;Balsa Nova;CONFIRMADO;CONFIRMADO;Código INEP localizado nas tabelas de taxas de rendimento do Censo Escolar.;CONFIRMADO;Código INEP localizado na base oficial de divulgação do IDEB.
41124669;IVAN F DO AMARAL FILHO C E CM EF M P;Campina Grande do Sul;CONFIRMADO;CONFIRMADO;Código INEP localizado nas tabelas de taxas de rendimento do Censo Escolar.;CONFIRMADO;Código INEP localizado na base oficial de divulgação do IDEB.
41125053;DJALMA MARINHO C E CMEF M PROFIS;Campo Largo;CONFIRMADO;CONFIRMADO;Código INEP localizado nas tabelas de taxas de rendimento do Censo Escolar.;CONFIRMADO;Código INEP localizado na base oficial de divulgação do IDEB.
41125193;JOAO XXIII C E CMEF M;Campo Largo;CONFIRMADO;CONFIRMADO;Código INEP localizado nas tabelas de taxas de rendimento do Censo Escolar.;CONFIRMADO;Código INEP localizado na base oficial de divulgação do IDEB.
41125304;MACEDO SOARES C E CMEF M PROFIS;Campo Largo;CONFIRMADO;CONFIRMADO;Código INEP localizado nas tabelas de taxas de rendimento do Censo Escolar.;CONFIRMADO;Código INEP localizado na base oficial de divulgação do IDEB.
41126050;HELENA KOLODY C EEF M PROF;Colombo;CONFIRMADO;CONFIRMADO;Código INEP localizado nas tabelas de taxas de rendimento do Censo Escolar.;CONFIRMADO;Código INEP localizado na base oficial de divulgação do IDEB.
41126122;JOAO R DE CAMARGO C E CM EF M;Colombo;CONFIRMADO;CONFIRMADO;Código INEP localizado nas tabelas de taxas de rendimento do Censo Escolar.;CONFIRMADO;Código INEP localizado na base oficial de divulgação do IDEB.
41126670;MIGUEL FRANCO FILHO C E CMEF M PROFIS;Contenda;CONFIRMADO;CONFIRMADO;Código INEP localizado nas tabelas de taxas de rendimento do Censo Escolar.;CONFIRMADO;Código INEP localizado na base oficial de divulgação do IDEB.
41127048;ALFREDO PARODI C EEF M PROFIS;Curitiba;CONFIRMADO;CONFIRMADO;Código INEP localizado nas tabelas de taxas de rendimento do Censo Escolar.;CONFIRMADO;Código INEP localizado na base oficial de divulgação do IDEB.
41127668;BENTO M DA ROCHA NETO C EEF M PROFIS;Curitiba;CONFIRMADO;CONFIRMADO;Código INEP localizado nas tabelas de taxas de rendimento do Censo Escolar.;CONFIRMADO;Código INEP localizado na base oficial de divulgação do IDEB.
41128664;CRUZEIRO DO SUL C E CMEF M P;Curitiba;CONFIRMADO;CONFIRMADO;Código INEP localizado nas tabelas de taxas de rendimento do Censo Escolar.;CONFIRMADO;Código INEP localizado na base oficial de divulgação do IDEB.
41128885;DIRCE C DO AMARAL C E PROFAEF M PROFIS;Curitiba;CONFIRMADO;CONFIRMADO;Código INEP localizado nas tabelas de taxas de rendimento do Censo Escolar.;CONFIRMADO;Código INEP localizado na base oficial de divulgação do IDEB.
41128915;DOMINGOS ZANLORENZI C EEF M PROFIS;Curitiba;CONFIRMADO;CONFIRMADO;Código INEP localizado nas tabelas de taxas de rendimento do Censo Escolar.;CONFIRMADO;Código INEP localizado na base oficial de divulgação do IDEB.
41129512;GABRIELA MISTRAL C EEF M PROFIS;Curitiba;CONFIRMADO;CONFIRMADO;Código INEP localizado nas tabelas de taxas de rendimento do Censo Escolar.;CONFIRMADO;Código INEP localizado na base oficial de divulgação do IDEB.
41129539;GELVIRA CORREA PACHECO C EEF M P;Curitiba;CONFIRMADO;CONFIRMADO;Código INEP localizado nas tabelas de taxas de rendimento do Censo Escolar.;CONFIRMADO;Código INEP localizado na base oficial de divulgação do IDEB.
41129687;GUIDO STRAUBE C E PROFEF M PROFIS;Curitiba;CONFIRMADO;CONFIRMADO;Código INEP localizado nas tabelas de taxas de rendimento do Censo Escolar.;CONFIRMADO;Código INEP localizado na base oficial de divulgação do IDEB.
41129920;ISABEL L S SOUZA C E PROFAEF M PROFIS;Curitiba;CONFIRMADO;CONFIRMADO;Código INEP localizado nas tabelas de taxas de rendimento do Censo Escolar.;CONFIRMADO;Código INEP localizado na base oficial de divulgação do IDEB.
41129970;IVO LEAO C EEF M;Curitiba;CONFIRMADO;CONFIRMADO;Código INEP localizado nas tabelas de taxas de rendimento do Censo Escolar.;CONFIRMADO;Código INEP localizado na base oficial de divulgação do IDEB.
41129989;IVO ZANLORENZI E E MONSEF;Curitiba;CONFIRMADO;CONFIRMADO;Código INEP localizado nas tabelas de taxas de rendimento do Censo Escolar.;CONFIRMADO;Código INEP localizado na base oficial de divulgação do IDEB.
41130065;JAYME CANET C E CMEF M P;Curitiba;CONFIRMADO;CONFIRMADO;Código INEP localizado nas tabelas de taxas de rendimento do Censo Escolar.;CONFIRMADO;Código INEP localizado na base oficial de divulgação do IDEB.
41130146;JOAO LOYOLA C E CM PROFEF M P;Curitiba;CONFIRMADO;CONFIRMADO;Código INEP localizado nas tabelas de taxas de rendimento do Censo Escolar.;CONFIRMADO;Código INEP localizado na base oficial de divulgação do IDEB.
41130170;JOAO PAULO I C E CM PAPAEF M P;Curitiba;CONFIRMADO;CONFIRMADO;Código INEP localizado nas tabelas de taxas de rendimento do Censo Escolar.;CONFIRMADO;Código INEP localizado na base oficial de divulgação do IDEB.
41130189;JOAO PAULO II C EEF M PROFIS;Curitiba;CONFIRMADO;CONFIRMADO;Código INEP localizado nas tabelas de taxas de rendimento do Censo Escolar.;CONFIRMADO;Código INEP localizado na base oficial de divulgação do IDEB.
41130200;JOAO WISLINSKI C E CM PEEF M N P;Curitiba;CONFIRMADO;CONFIRMADO;Código INEP localizado nas tabelas de taxas de rendimento do Censo Escolar.;CONFIRMADO;Código INEP localizado na base oficial de divulgação do IDEB.
41130243;JOSE BUSNARDO C E EF M;Curitiba;CONFIRMADO;CONFIRMADO;Código INEP localizado nas tabelas de taxas de rendimento do Censo Escolar.;CONFIRMADO;Código INEP localizado na base oficial de divulgação do IDEB.
41130308;JOSE GUIMARAES C E PROFEM PROFIS;Curitiba;CONFIRMADO;CONFIRMADO;Código INEP localizado nas tabelas de taxas de rendimento do Censo Escolar.;CONFIRMADO;Código INEP localizado na base oficial de divulgação do IDEB.
41130359;JULIO MESQUITA C E CM PROFEF M PROFIS;Curitiba;CONFIRMADO;CONFIRMADO;Código INEP localizado nas tabelas de taxas de rendimento do Censo Escolar.;CONFIRMADO;Código INEP localizado na base oficial de divulgação do IDEB.
41130421;LAMENHA LINS C E CM PRESEF M P;Curitiba;CONFIRMADO;CONFIRMADO;Código INEP localizado nas tabelas de taxas de rendimento do Censo Escolar.;CONFIRMADO;Código INEP localizado na base oficial de divulgação do IDEB.
41130618;LOUREIRO FERNANDES C E PROFEF M PROFIS;Curitiba;CONFIRMADO;CONFIRMADO;Código INEP localizado nas tabelas de taxas de rendimento do Censo Escolar.;CONFIRMADO;Código INEP localizado na base oficial de divulgação do IDEB.
41130685;LUIZA ROSS C E CM PROFAEF M P;Curitiba;CONFIRMADO;CONFIRMADO;Código INEP localizado nas tabelas de taxas de rendimento do Censo Escolar.;CONFIRMADO;Código INEP localizado na base oficial de divulgação do IDEB.
41130723;LYSIMACO F COSTA C E PROFEF M P;Curitiba;CONFIRMADO;CONFIRMADO;Código INEP localizado nas tabelas de taxas de rendimento do Censo Escolar.;CONFIRMADO;Código INEP localizado na base oficial de divulgação do IDEB.
41130936;MARIA MONTESSORI C EEF M;Curitiba;CONFIRMADO;CONFIRMADO;Código INEP localizado nas tabelas de taxas de rendimento do Censo Escolar.;CONFIRMADO;Código INEP localizado na base oficial de divulgação do IDEB.
41130952;MARIA P MARTINS E EEF;Curitiba;CONFIRMADO;CONFIRMADO;Código INEP localizado nas tabelas de taxas de rendimento do Censo Escolar.;CONFIRMADO;Código INEP localizado na base oficial de divulgação do IDEB.
41131223;MILTON CARNEIRO C E CMEF M P;Curitiba;CONFIRMADO;CONFIRMADO;Código INEP localizado nas tabelas de taxas de rendimento do Censo Escolar.;CONFIRMADO;Código INEP localizado na base oficial de divulgação do IDEB.
41131479;NATALIA REGINATO C EEF M PROFIS;Curitiba;CONFIRMADO;CONFIRMADO;Código INEP localizado nas tabelas de taxas de rendimento do Censo Escolar.;CONFIRMADO;Código INEP localizado na base oficial de divulgação do IDEB.
41132475;PINHEIRO DO PARANA C E CMEF M P;Curitiba;CONFIRMADO;CONFIRMADO;Código INEP localizado nas tabelas de taxas de rendimento do Censo Escolar.;CONFIRMADO;Código INEP localizado na base oficial de divulgação do IDEB.
41132718;PROTASIO DE CARVALHO C EEF M PROFIS;Curitiba;CONFIRMADO;CONFIRMADO;Código INEP localizado nas tabelas de taxas de rendimento do Censo Escolar.;CONFIRMADO;Código INEP localizado na base oficial de divulgação do IDEB.
41132955;ROBERTO LANGER JUNIOR C EEF M PROFIS;Curitiba;CONFIRMADO;CONFIRMADO;Código INEP localizado nas tabelas de taxas de rendimento do Censo Escolar.;CONFIRMADO;Código INEP localizado na base oficial de divulgação do IDEB.
41133137;SANTA FELICIDADE C E CMEF M P;Curitiba;CONFIRMADO;CONFIRMADO;Código INEP localizado nas tabelas de taxas de rendimento do Censo Escolar.;CONFIRMADO;Código INEP localizado na base oficial de divulgação do IDEB.
41133200;SANTO ANTONIO C E CMEF M;Curitiba;CONFIRMADO;CONFIRMADO;Código INEP localizado nas tabelas de taxas de rendimento do Censo Escolar.;CONFIRMADO;Código INEP localizado na base oficial de divulgação do IDEB.
41133226;SANTOS DUMONT C EEF M;Curitiba;CONFIRMADO;CONFIRMADO;Código INEP localizado nas tabelas de taxas de rendimento do Censo Escolar.;CONFIRMADO;Código INEP localizado na base oficial de divulgação do IDEB.
41133358;SAO PAULO APOSTOLO C EEF M PROFIS;Curitiba;CONFIRMADO;CONFIRMADO;Código INEP localizado nas tabelas de taxas de rendimento do Censo Escolar.;CONFIRMADO;Código INEP localizado na base oficial de divulgação do IDEB.
41134419;XAVIER DA SILVA C E DREF M PROFIS;Curitiba;CONFIRMADO;CONFIRMADO;Código INEP localizado nas tabelas de taxas de rendimento do Censo Escolar.;CONFIRMADO;Código INEP localizado na base oficial de divulgação do IDEB.
41134516;DECIO DOSSI C E DREF M PROFIS;Fazenda Rio Grande;CONFIRMADO;CONFIRMADO;Código INEP localizado nas tabelas de taxas de rendimento do Censo Escolar.;CONFIRMADO;Código INEP localizado na base oficial de divulgação do IDEB.
41135784;LEOCADIA B RAMOS C EEF M PROFIS;Pinhais;CONFIRMADO;CONFIRMADO;Código INEP localizado nas tabelas de taxas de rendimento do Censo Escolar.;CONFIRMADO;Código INEP localizado na base oficial de divulgação do IDEB.
41136276;VILA MACEDO C E CMEF M;Piraquara;CONFIRMADO;CONFIRMADO;Código INEP localizado nas tabelas de taxas de rendimento do Censo Escolar.;CONFIRMADO;Código INEP localizado na base oficial de divulgação do IDEB.
41137361;ARNALDO JANSEN C E CM PEEF M PROFIS;São José dos Pinhais;CONFIRMADO;CONFIRMADO;Código INEP localizado nas tabelas de taxas de rendimento do Censo Escolar.;CONFIRMADO;Código INEP localizado na base oficial de divulgação do IDEB.
41137698;MARIA VIDAL NOVAES E EEF;São José dos Pinhais;CONFIRMADO;CONFIRMADO;Código INEP localizado nas tabelas de taxas de rendimento do Censo Escolar.;CONFIRMADO;Código INEP localizado na base oficial de divulgação do IDEB.
41137809;GODOFREDO MACHADO E EEF;São José dos Pinhais;CONFIRMADO;CONFIRMADO;Código INEP localizado nas tabelas de taxas de rendimento do Censo Escolar.;CONFIRMADO;Código INEP localizado na base oficial de divulgação do IDEB.
41138422;SILVEIRA DA MOTTA C EEF M PROFIS;São José dos Pinhais;CONFIRMADO;CONFIRMADO;Código INEP localizado nas tabelas de taxas de rendimento do Censo Escolar.;CONFIRMADO;Código INEP localizado na base oficial de divulgação do IDEB.
41138937;ROCHA POMBO C EEF M P;Antonina;CONFIRMADO;CONFIRMADO;Código INEP localizado nas tabelas de taxas de rendimento do Censo Escolar.;CONFIRMADO;Código INEP localizado na base oficial de divulgação do IDEB.
41140052;SERTAOZINHO C E CMEF M N PROFIS;Matinhos;CONFIRMADO;CONFIRMADO;Código INEP localizado nas tabelas de taxas de rendimento do Censo Escolar.;CONFIRMADO;Código INEP localizado na base oficial de divulgação do IDEB.
41140788;JOSE BONIFACIO C EEF M PROFIS;Paranaguá;CONFIRMADO;CONFIRMADO;Código INEP localizado nas tabelas de taxas de rendimento do Censo Escolar.;CONFIRMADO;Código INEP localizado na base oficial de divulgação do IDEB.
41141121;REGINA M B DE MELLO C E PROFAEF M;Paranaguá;CONFIRMADO;CONFIRMADO;Código INEP localizado nas tabelas de taxas de rendimento do Censo Escolar.;CONFIRMADO;Código INEP localizado na base oficial de divulgação do IDEB.
41141156;ROQUE VERNALHA E E DREF;Paranaguá;CONFIRMADO;CONFIRMADO;Código INEP localizado nas tabelas de taxas de rendimento do Censo Escolar.;CONFIRMADO;Código INEP localizado na base oficial de divulgação do IDEB.
41141288;ZILAH DOS S BATISTA C E PROFAEF M P;Paranaguá;CONFIRMADO;CONFIRMADO;Código INEP localizado nas tabelas de taxas de rendimento do Censo Escolar.;CONFIRMADO;Código INEP localizado na base oficial de divulgação do IDEB.
41144201;MARIA DE J P GUIMARAES C E C PROFAEF M;Guarapuava;CONFIRMADO;CONFIRMADO;Código INEP localizado nas tabelas de taxas de rendimento do Censo Escolar.;CONFIRMADO;Código INEP localizado na base oficial de divulgação do IDEB.
41144929;JOSE MARCONDES SOBRINHO C EEF M;Laranjeiras do Sul;CONFIRMADO;CONFIRMADO;Código INEP localizado nas tabelas de taxas de rendimento do Censo Escolar.;CONFIRMADO;Código INEP localizado na base oficial de divulgação do IDEB.
41146093;ANTONIO VIEIRA C E CM PEEF M;São José dos Pinhais;AMBÍGUO;CONFIRMADO;Código INEP localizado nas tabelas de taxas de rendimento do Censo Escolar.;CONFIRMADO;Código INEP localizado na base oficial de divulgação do IDEB.
41148550;SANTA RITA E E CMEF;Foz do Iguaçu;CONFIRMADO;CONFIRMADO;Código INEP localizado nas tabelas de taxas de rendimento do Censo Escolar.;CONFIRMADO;Código INEP localizado na base oficial de divulgação do IDEB.
41150902;PLANTA DEODORO C E CM EF M;Piraquara;CONFIRMADO;CONFIRMADO;Código INEP localizado nas tabelas de taxas de rendimento do Censo Escolar.;CONFIRMADO;Código INEP localizado na base oficial de divulgação do IDEB.
41158806;ROCHA POMBO C E CMEF M;Araucária;CONFIRMADO;CONFIRMADO;Código INEP localizado nas tabelas de taxas de rendimento do Censo Escolar.;CONFIRMADO;Código INEP localizado na base oficial de divulgação do IDEB.
41164920;IRONDI MANTOVANI PUGLIESI C E CMEF M;Arapongas;CONFIRMADO;CONFIRMADO;Código INEP localizado nas tabelas de taxas de rendimento do Censo Escolar.;CONFIRMADO;Código INEP localizado na base oficial de divulgação do IDEB.
41167090;ANDREIA NERES DOS SANTOS C E PROFAEFM;Cascavel;CONFIRMADO;FORA_DA_POPULACAO_HISTORICA;"Escola de criação recente (Edital 125/2025); sem turmas no período do Censo 2017-2023.";CONFIRMADO;Código INEP localizado na base oficial de divulgação do IDEB.
41354273;EDISON PIETROBELLI E E CM PROFEF;Ponta Grossa;CONFIRMADO;CONFIRMADO;Código INEP localizado nas tabelas de taxas de rendimento do Censo Escolar.;CONFIRMADO;Código INEP localizado na base oficial de divulgação do IDEB.
41355156;THIAGO TERRA C E CMEF M PROF;Londrina;CONFIRMADO;CONFIRMADO;Código INEP localizado nas tabelas de taxas de rendimento do Censo Escolar.;CONFIRMADO;Código INEP localizado na base oficial de divulgação do IDEB.
41356136;RINA M DE J FRANCOVIG C E PROFAEF M;Londrina;CONFIRMADO;CONFIRMADO;Código INEP localizado nas tabelas de taxas de rendimento do Censo Escolar.;CONFIRMADO;Código INEP localizado na base oficial de divulgação do IDEB.
41357027;TEOBALDO L KLETEMBERG C E PREF M P;Curitiba;CONFIRMADO;CONFIRMADO;Código INEP localizado nas tabelas de taxas de rendimento do Censo Escolar.;CONFIRMADO;Código INEP localizado na base oficial de divulgação do IDEB.
41358872;JOAO R DA SILVA E E CM PROFEF;Londrina;CONFIRMADO;CONFIRMADO;Código INEP localizado nas tabelas de taxas de rendimento do Censo Escolar.;CONFIRMADO;Código INEP localizado na base oficial de divulgação do IDEB.
41360567;WALDE ROSI GALVAO C EEF M;Pinhais;CONFIRMADO;CONFIRMADO;Código INEP localizado nas tabelas de taxas de rendimento do Censo Escolar.;CONFIRMADO;Código INEP localizado na base oficial de divulgação do IDEB.
41366620;VIDAL VANHONI C E PROFEF M;Paranaguá;CONFIRMADO;CONFIRMADO;Código INEP localizado nas tabelas de taxas de rendimento do Censo Escolar.;CONFIRMADO;Código INEP localizado na base oficial de divulgação do IDEB.
41370597;PILAR MATURANA C EEF M P;Curitiba;CONFIRMADO;CONFIRMADO;Código INEP localizado nas tabelas de taxas de rendimento do Censo Escolar.;CONFIRMADO;Código INEP localizado na base oficial de divulgação do IDEB.
41373375;MARIA HELENA T LUCIANO C E PROFEF MNP;Pontal do Paraná;CONFIRMADO;CONFIRMADO;Código INEP localizado nas tabelas de taxas de rendimento do Censo Escolar.;CONFIRMADO;Código INEP localizado na base oficial de divulgação do IDEB.
41373456;OSCAR J D P E SILVA C E CM EF M;Pinhais;CONFIRMADO;CONFIRMADO;Código INEP localizado nas tabelas de taxas de rendimento do Censo Escolar.;CONFIRMADO;Código INEP localizado na base oficial de divulgação do IDEB.
41373936;ANIBAL KHURY C E DEPE F M P;Guaratuba;CONFIRMADO;CONFIRMADO;Código INEP localizado nas tabelas de taxas de rendimento do Censo Escolar.;CONFIRMADO;Código INEP localizado na base oficial de divulgação do IDEB.
41378580;CATARATAS DO IGUACU C EEF M PROFIS;Foz do Iguaçu;CONFIRMADO;CONFIRMADO;Código INEP localizado nas tabelas de taxas de rendimento do Censo Escolar.;CONFIRMADO;Código INEP localizado na base oficial de divulgação do IDEB.
41378962;ANA DIVANIR BORATTO C EEFM;Ponta Grossa;CONFIRMADO;CONFIRMADO;Código INEP localizado nas tabelas de taxas de rendimento do Censo Escolar.;CONFIRMADO;Código INEP localizado na base oficial de divulgação do IDEB.
41387724;DANIEL ROCHA C E PROFEF M PROFIS;Pinhais;CONFIRMADO;CONFIRMADO;Código INEP localizado nas tabelas de taxas de rendimento do Censo Escolar.;CONFIRMADO;Código INEP localizado na base oficial de divulgação do IDEB.
41531876;GUIDO ARZUA C E CMEF M P;Curitiba;CONFIRMADO;CONFIRMADO;Código INEP localizado nas tabelas de taxas de rendimento do Censo Escolar.;CONFIRMADO;Código INEP localizado na base oficial de divulgação do IDEB.
41597915;PATRIMONIO REGINA C E CM DOEF M;Londrina;CONFIRMADO;CONFIRMADO;Código INEP localizado nas tabelas de taxas de rendimento do Censo Escolar.;CONFIRMADO;Código INEP localizado na base oficial de divulgação do IDEB.
