codigo_inep;nome_escola;municipio;codigo_ibge_municipio;uf;nre;endereco;bairro;cep;latitude;longitude;tipo_coordenada;dependencia_administrativa;rede_ensino;localizacao;situacao_funcionamento;etapas_ofertadas;fonte;ano_referencia;is_ccm;ano_inicio_ccm;status_ccm_atual;nome_original_edital
41000021;AGOSTINHO STEFANELLO E E EF;Alto Paraná;4100608;PR;PARANAVAÍ ALTO PARANÁ;;;;-23.1322607;-52.317238;EXATA_KML;Estadual;Pública Estadual;Urbana;EM_ATIVIDADE;Anos Finais (6º-9º);INEP - Censo Escolar 2023, SEED-PR Editais 2020-2025, SEED-PR KML, IBGE;2023;True;2024;SIM;AGOSTINHO STEFANELLO E E CMEF
41000978;MACHADO DE ASSIS E E EF;Itaúna do Sul;4111308;PR;LOANDA ITAÚNA DO SUL;;;;-22.7289;-52.8874;CENTROIDE_MUNICIPIO;Estadual;Pública Estadual;Urbana;EM_ATIVIDADE;Anos Finais (6º-9º);INEP - Censo Escolar 2023, SEED-PR Editais 2020-2025, SEED-PR KML, IBGE;2023;True;2026;FUTURO_2026;MACHADO DE ASSIS E EEF
41001222;LAMARTINE R SOARES C E DR EF M;Loanda;4113502;PR;LOANDA LOANDA;;;;-22.9232;-53.1362;CENTROIDE_MUNICIPIO;Estadual;Pública Estadual;Urbana;EM_ATIVIDADE;Anos Finais (6º-9º), Ensino Médio;INEP - Censo Escolar 2023, SEED-PR Editais 2020-2025, SEED-PR KML, IBGE;2023;True;2026;FUTURO_2026;LAMARTINE R SOARES C E DREF M
41003292;SANTOS DUMONT C E EF M;Santa Cruz de Monte Castelo;4123303;PR;LOANDA S C M CASTELO;;;;-22.9628599;-53.2915606;EXATA_KML;Estadual;Pública Estadual;Urbana;EM_ATIVIDADE;Anos Finais (6º-9º), Ensino Médio;INEP - Censo Escolar 2023, SEED-PR Editais 2020-2025, SEED-PR KML, IBGE;2023;True;2024;SIM;SANTOS DUMONT C E CMEF M
41004051;SANTO INACIO DE LOYOLA C E EF M;Terra Rica;4127304;PR;"PARANAVAÍ 
 
TERRA RICA";;;;-22.7330188;-52.6229037;EXATA_KML;Estadual;Pública Estadual;Urbana;EM_ATIVIDADE;Anos Finais (6º-9º);INEP - Censo Escolar 2023, SEED-PR Editais 2020-2025, SEED-PR KML, IBGE;2023;True;2024;SIM;SANTO INACIO DE LOYOLA C E CMEF M
41004957;ANCHIETA C E E F M N;Cruzeiro do Oeste;4106605;PR;UMUARAMA CRUZEIRO;;;;-23.7893724;-53.0602044;EXATA_KML;Estadual;Pública Estadual;Urbana;EM_ATIVIDADE;Anos Finais (6º-9º), Ensino Médio;INEP - Censo Escolar 2023, SEED-PR Editais 2020-2025, SEED-PR KML, IBGE;2023;True;2024;SIM;ANCHIETA C E CMEF M N
41007131;NESTOR VICTOR C E EF M N PROFIS;Pérola;4118907;PR;UMUARAMA PEROLA;;;;-23.8039;-53.6834;CENTROIDE_MUNICIPIO;Estadual;Pública Estadual;Urbana;EM_ATIVIDADE;Anos Finais (6º-9º), Ensino Médio;INEP - Censo Escolar 2023, SEED-PR Editais 2020-2025, SEED-PR KML, IBGE;2023;True;2026;FUTURO_2026;NESTOR VICTOR C EEF M N PROFIS
41007280;CASTELO BRANCO C E PRES EF M;Tapira;4126900;PR;UMUARAMA TAPIRA;;;;-23.3208267;-53.0736741;EXATA_KML;Estadual;Pública Estadual;Urbana;EM_ATIVIDADE;Anos Finais (6º-9º);INEP - Censo Escolar 2023, SEED-PR Editais 2020-2025, SEED-PR KML, IBGE;2023;True;2024;SIM;CASTELO BRANCO E E CM PRESEF
41008111;NEIVA PAVAN M GARCIA C E EF M PROFA;Umuarama;4128104;PR;UMUARAMA;;;;-23.7656;-53.3201;CENTROIDE_MUNICIPIO;Estadual;Pública Estadual;Urbana;EM_ATIVIDADE;Anos Finais (6º-9º), Ensino Médio;INEP - Censo Escolar 2023, SEED-PR Editais 2020-2025, SEED-PR KML, IBGE;2023;True;INDETERMINADO;INDETERMINADO;NEIVA PAVAN M GARCIA C E PROFA EF M
41010132;RUI BARBOSA C E EF EM PROFIS;Japurá;4112405;PR;CIANORTE  JAPURÁ;;;;-23.4693;-52.5557;CENTROIDE_MUNICIPIO;Estadual;Pública Estadual;Urbana;EM_ATIVIDADE;Anos Finais (6º-9º), Ensino Médio;INEP - Censo Escolar 2023, SEED-PR Editais 2020-2025, SEED-PR KML, IBGE;2023;True;2026;FUTURO_2026;RUI BARBOSA C EEF EM PROFIS
41010345;CASTRO ALVES C E EM PROFIS;Rondon;4122602;PR;CIANORTE RONDON;;;;-23.4188279;-52.7746999;EXATA_KML;Estadual;Pública Estadual;Urbana;EM_ATIVIDADE;Ensino Médio;INEP - Censo Escolar 2023, SEED-PR Editais 2020-2025, SEED-PR KML, IBGE;2023;True;2024;SIM;CASTRO ALVES C E CMEM PROFIS
41010540;SANTOS DUMONT C E EM N;São Tomé;4126108;PR;CIANORTE  SÃO TOMÉ;;;;-23.5349;-52.5901;CENTROIDE_MUNICIPIO;Estadual;Pública Estadual;Urbana;EM_ATIVIDADE;Ensino Médio;INEP - Censo Escolar 2023, SEED-PR Editais 2020-2025, SEED-PR KML, IBGE;2023;True;2026;FUTURO_2026;SANTOS DUMONT C EEF M N
41012631;RIBEIRO DE CAMPOS E E EF;Goioerê;4108601;PR;GOIOERE GOIOERE;;;;-24.1879467;-53.0242938;EXATA_KML;Estadual;Pública Estadual;Urbana;EM_ATIVIDADE;Anos Finais (6º-9º);INEP - Censo Escolar 2023, SEED-PR Editais 2020-2025, SEED-PR KML, IBGE;2023;True;2024;SIM;RIBEIRO DE CAMPOS E E CMEF
41016254;ANTONIO VIEIRA C E PE EF M PROF NORMAL;Engenheiro Beltrão;4107504;PR;CAMPO MOURÃO ENGENHEIRO;;;;-23.797;-52.2659;CENTROIDE_MUNICIPIO;Estadual;Pública Estadual;Urbana;EM_ATIVIDADE;Ensino Médio;INEP - Censo Escolar 2023, SEED-PR Editais 2020-2025, SEED-PR KML, IBGE;2023;True;2026;FUTURO_2026;ANTONIO VIEIRA C E PEEF M PROF NORMAL
41018800;LEO KOHLER E E PROF EF;Terra Boa;4127205;PR;CIANORTE TERRA BOA;;;;-23.7717821;-52.4441256;EXATA_KML;Estadual;Pública Estadual;Urbana;EM_ATIVIDADE;Anos Finais (6º-9º);INEP - Censo Escolar 2023, SEED-PR Editais 2020-2025, SEED-PR KML, IBGE;2023;True;2024;SIM;LEO KOHLER E E CM PROFEF
41020189;OSVALDO ARANHA E E EF;Lobato;4113601;PR;MARINGÁ LOBATO;;;;-23.0058;-51.9524;CENTROIDE_MUNICIPIO;Estadual;Pública Estadual;Urbana;EM_ATIVIDADE;Anos Finais (6º-9º);INEP - Censo Escolar 2023, SEED-PR Editais 2020-2025, SEED-PR KML, IBGE;2023;True;2026;FUTURO_2026;OSVALDO ARANHA E EEF
41020286;FRANCISCO J PERIOTO E E PROF EF;Mandaguaçu;4114104;PR;MARINGA MANDAGUACU;;;;-23.3503332;-52.0958483;EXATA_KML;Estadual;Pública Estadual;Urbana;EM_ATIVIDADE;Anos Finais (6º-9º);INEP - Censo Escolar 2023, SEED-PR Editais 2020-2025, SEED-PR KML, IBGE;2023;True;2024;SIM;FRANCISCO J PERIOTO E E CM PROFEF
41020685;FRANCISCO P X LOPES E E CON EF;Nova Esperança;4116901;PR;PARANAVAÍ;;;;-23.182;-52.2031;CENTROIDE_MUNICIPIO;Estadual;Pública Estadual;Urbana;EM_ATIVIDADE;Anos Finais (6º-9º);INEP - Censo Escolar 2023, SEED-PR Editais 2020-2025, SEED-PR KML, IBGE;2023;True;INDETERMINADO;INDETERMINADO;FRANCISCO P X LOPES E E CONEF
41020910;CECILIA MEIRELES E E EF;Santa Fé;4123402;PR;MARINGA SANTA FE;;;;-23.042663;-51.810043;EXATA_KML;Estadual;Pública Estadual;Urbana;EM_ATIVIDADE;Anos Finais (6º-9º);INEP - Censo Escolar 2023, SEED-PR Editais 2020-2025, SEED-PR KML, IBGE;2023;True;2024;SIM;CECILIA MEIRELES E E CMEF
41021010;MANOEL F ALMEIDA E E DR EF;Santo Inácio;4124509;PR;MARINGA SANTO INACIO;;;;-22.692332;-51.78812;EXATA_KML;Estadual;Pública Estadual;Urbana;EM_ATIVIDADE;Anos Finais (6º-9º);INEP - Censo Escolar 2023, SEED-PR Editais 2020-2025, SEED-PR KML, IBGE;2023;True;2024;SIM;MANOEL F ALMEIDA E E CM DREF
41021100;ANASTACIO CEREZINE E E EF;Alvorada do Sul;4100806;PR;LONDRINA ALVORADA DO SUL;;;;-22.7778808;-51.2315606;EXATA_KML;Estadual;Pública Estadual;Urbana;EM_ATIVIDADE;Anos Finais (6º-9º);INEP - Censo Escolar 2023, SEED-PR Editais 2020-2025, SEED-PR KML, IBGE;2023;True;2024;SIM;ANASTACIO CEREZINE E E CMEF
41022750;ARTHUR C E SILVA E E PRES EF;Floresta;4107900;PR;MARINGA FLORESTA ARTHUR;;;;-23.615678;-52.080065;EXATA_KML;Estadual;Pública Estadual;Urbana;EM_ATIVIDADE;Anos Finais (6º-9º);INEP - Censo Escolar 2023, SEED-PR Editais 2020-2025, SEED-PR KML, IBGE;2023;True;2024;SIM;ARTHUR C E SILVA E E CM PRESEF
41024281;MARCO A PIMENTA C E EF M;Maringá;4115200;PR;MARINGÁ  MARINGÁ;;;;-23.4205;-51.9333;CENTROIDE_MUNICIPIO;Estadual;Pública Estadual;Urbana;EM_ATIVIDADE;Anos Finais (6º-9º), Ensino Médio;INEP - Censo Escolar 2023, SEED-PR Editais 2020-2025, SEED-PR KML, IBGE;2023;True;2026;FUTURO_2026;MARCO A PIMENTA C EEF M
41024923;IZABEL C E PRINC EF M;Paiçandu;4117503;PR;MARINGÁ;;;;-23.4555;-52.046;CENTROIDE_MUNICIPIO;Estadual;Pública Estadual;Urbana;EM_ATIVIDADE;Anos Finais (6º-9º);INEP - Censo Escolar 2023, SEED-PR Editais 2020-2025, SEED-PR KML, IBGE;2023;True;2026;FUTURO_2026;IZABEL C E PRINCEF M
41024931;NEIDE BERTASSO BERALDO C E EF M PROFIS;Paiçandu;4117503;PR;MARINGA PAICANDU NEIDE;;;;-23.4555;-52.046;CENTROIDE_MUNICIPIO;Estadual;Pública Estadual;Urbana;EM_ATIVIDADE;Anos Finais (6º-9º), Ensino Médio;INEP - Censo Escolar 2023, SEED-PR Editais 2020-2025, SEED-PR KML, IBGE;2023;True;INDETERMINADO;INDETERMINADO;NEIDE BERTASSO BERALDO C EEF M PROFIS
41025318;ALBERTO SANTOS DUMONT C E EF M PROFIS;Apucarana;4101408;PR;APUCARANA APUCARANA;;;;-23.5539536;-51.4679734;EXATA_KML;Estadual;Pública Estadual;Urbana;EM_ATIVIDADE;Anos Finais (6º-9º), Ensino Médio;INEP - Censo Escolar 2023, SEED-PR Editais 2020-2025, SEED-PR KML, IBGE;2023;True;2024;SIM;ALBERTO SANTOS DUMONT C E CMEF M P
41025636;FRANCISCO A SOUSA E E PROF EF;Apucarana;4101408;PR;APUCARANA APUCARANA;;;;-23.55;-51.4635;CENTROIDE_MUNICIPIO;Estadual;Pública Estadual;Urbana;EM_ATIVIDADE;Anos Finais (6º-9º);INEP - Censo Escolar 2023, SEED-PR Editais 2020-2025, SEED-PR KML, IBGE;2023;True;2026;FUTURO_2026;FRANCISCO A SOUSA E E PROFEF
41025806;JOSE DE ANCHIETA C E PE EF M PROFIS;Apucarana;4101408;PR;APUCARANA APUCARANA;;;;-23.5506594;-51.4379052;EXATA_KML;Estadual;Pública Estadual;Urbana;EM_ATIVIDADE;Anos Finais (6º-9º), Ensino Médio;INEP - Censo Escolar 2023, SEED-PR Editais 2020-2025, SEED-PR KML, IBGE;2023;True;2024;SIM;JOSE DE ANCHIETA C E CM PEEF M PROFIS
41026055;OSMAR GUARACY FREIRE C E EF M P;Apucarana;4101408;PR;APUCARANA APUCARANA OSMAR;;;;-23.5770531;-51.4280765;EXATA_KML;Estadual;Pública Estadual;Urbana;EM_ATIVIDADE;Anos Finais (6º-9º), Ensino Médio;INEP - Censo Escolar 2023, SEED-PR Editais 2020-2025, SEED-PR KML, IBGE;2023;True;2024;SIM;OSMAR GUARACY FREIRE C E CMEF M P
41026152;POLIVALENTE C DOMINGOS SILVA C E EFMP;Apucarana;4101408;PR;APUCARANA APUCARANA;;;;-23.560829;-51.4475131;EXATA_KML;Estadual;Pública Estadual;Urbana;EM_ATIVIDADE;Anos Finais (6º-9º), Ensino Médio;INEP - Censo Escolar 2023, SEED-PR Editais 2020-2025, SEED-PR KML, IBGE;2023;True;2024;SIM;POLIVALENTE C D SILVA C E CMEF M P
41026411;ANTONIO RACANELLO SAMPAIO C E EF M;Arapongas;4101507;PR;APUCARANA ARAPONGAS;;;;-23.4153;-51.4259;CENTROIDE_MUNICIPIO;Estadual;Pública Estadual;Urbana;EM_ATIVIDADE;Anos Finais (6º-9º), Ensino Médio;INEP - Censo Escolar 2023, SEED-PR Editais 2020-2025, SEED-PR KML, IBGE;2023;True;INDETERMINADO;INDETERMINADO;ANTONIO RACANELLO SAMPAIO C EEF M
41026705;IVANILDE DE NORONHA C E EF M PROFIS;Arapongas;4101507;PR;APUCARANA ARAPONGAS;;;;-23.4153;-51.4259;CENTROIDE_MUNICIPIO;Estadual;Pública Estadual;Urbana;EM_ATIVIDADE;Anos Finais (6º-9º), Ensino Médio;INEP - Censo Escolar 2023, SEED-PR Editais 2020-2025, SEED-PR KML, IBGE;2023;True;2026;FUTURO_2026;IVANILDE DE NORONHA C EEF M
41026764;JULIA WANDERLEY E E PROFA EF;Arapongas;4101507;PR;APUCARANA ARAPONGAS;;;;-23.4153;-51.4259;CENTROIDE_MUNICIPIO;Estadual;Pública Estadual;Urbana;EM_ATIVIDADE;Anos Finais (6º-9º);INEP - Censo Escolar 2023, SEED-PR Editais 2020-2025, SEED-PR KML, IBGE;2023;True;INDETERMINADO;INDETERMINADO;JULIA WANDERLEY E E PROFAEF
41027370;ROSA D CALSAVARA C E EF M PROFIS;Cambira;4103800;PR;APUCARANA CAMBIRA;;;;-23.5980919;-51.5768082;EXATA_KML;Estadual;Pública Estadual;Urbana;EM_ATIVIDADE;Anos Finais (6º-9º), Ensino Médio;INEP - Censo Escolar 2023, SEED-PR Editais 2020-2025, SEED-PR KML, IBGE;2023;True;2024;SIM;ROSA D CALSAVARA C E CMEF M PROFIS
41028279;HERMINIA R LUPION C E EF M PROFIS;Sabáudia;4122701;PR;APUCARANA SABÁUDIA;;;;-23.3155;-51.555;CENTROIDE_MUNICIPIO;Estadual;Pública Estadual;Urbana;EM_ATIVIDADE;Anos Finais (6º-9º), Ensino Médio;INEP - Censo Escolar 2023, SEED-PR Editais 2020-2025, SEED-PR KML, IBGE;2023;True;2026;FUTURO_2026;HERMINIA R LUPION C EEF M PROFIS
41028406;ANDREA NUZZI C E MAESTRO EF M PROFIS;Cambé;4103701;PR;LONDRINA CAMBE;;;;-23.2945912;-51.2382114;EXATA_KML;Estadual;Pública Estadual;Urbana;EM_ATIVIDADE;Anos Finais (6º-9º), Ensino Médio;INEP - Censo Escolar 2023, SEED-PR Editais 2020-2025, SEED-PR KML, IBGE;2023;True;2024;SIM;ANDREA NUZZI C E CM MAESTROEF M P
41028457;ATTILIO CODATO C E EF M PROFIS;Cambé;4103701;PR;LONDRINA CAMBE;;;;-23.282759;-51.267319;EXATA_KML;Estadual;Pública Estadual;Urbana;EM_ATIVIDADE;Anos Finais (6º-9º), Ensino Médio;INEP - Censo Escolar 2023, SEED-PR Editais 2020-2025, SEED-PR KML, IBGE;2023;True;2024;SIM;ATTILIO CODATO C E CMEF M
41028732;HELENA KOLODY C E PROF EF M;Cambé;4103701;PR;LONDRINA CAMBE;;;;-23.2828838;-51.2857064;EXATA_KML;Estadual;Pública Estadual;Urbana;EM_ATIVIDADE;Anos Finais (6º-9º), Ensino Médio;INEP - Censo Escolar 2023, SEED-PR Editais 2020-2025, SEED-PR KML, IBGE;2023;True;2024;SIM;HELENA KOLODY C E CM PROFEF M
41028902;MANUEL BANDEIRA C E EF EM PROFIS;Cambé;4103701;PR;LONDRINA CAMBE;;;;-23.3058376;-51.2260513;EXATA_KML;Estadual;Pública Estadual;Urbana;EM_ATIVIDADE;Anos Finais (6º-9º), Ensino Médio;INEP - Censo Escolar 2023, SEED-PR Editais 2020-2025, SEED-PR KML, IBGE;2023;True;2024;SIM;MANUEL BANDEIRA C E CMEF M PROFIS
41030125;CARLOS DE ALMEIDA C E EF M PROFIS;Londrina;4113700;PR;LONDRINA LONDRINA;;;;-23.2830263;-51.123584;EXATA_KML;Estadual;Pública Estadual;Urbana;EM_ATIVIDADE;Anos Finais (6º-9º), Ensino Médio;INEP - Censo Escolar 2023, SEED-PR Editais 2020-2025, SEED-PR KML, IBGE;2023;True;2024;SIM;CARLOS DE ALMEIDA C E CMEF M PROFIS
41030265;CELIA MORAES DE OLIVEIRA C E PROF EF M P;Londrina;4113700;PR;LONDRINA LONDRINA CELIA;;;;-23.2952374;-51.1357188;EXATA_KML;Estadual;Pública Estadual;Urbana;EM_ATIVIDADE;Anos Finais (6º-9º), Ensino Médio;INEP - Censo Escolar 2023, SEED-PR Editais 2020-2025, SEED-PR KML, IBGE;2023;True;2024;SIM;CELIA M DE OLIVEIRA C E CM PROFEF M P
41030486;WISTREMUNDO R P GARCIA C E PE EF M P;Londrina;4113700;PR;LONDRINA LONDRINA;;;;-23.2817168;-51.1742089;EXATA_KML;Estadual;Pública Estadual;Urbana;EM_ATIVIDADE;Anos Finais (6º-9º), Ensino Médio;INEP - Censo Escolar 2023, SEED-PR Editais 2020-2025, SEED-PR KML, IBGE;2023;True;2024;SIM;WISTREMUNDO R P GARCIA C E CM PEEFM P
41030800;HEBER S VARGAS C E PROF DR EF M PROFIS;Londrina;4113700;PR;LONDRINA LONDRINA;;;;-23.3358921;-51.1325222;EXATA_KML;Estadual;Pública Estadual;Urbana;EM_ATIVIDADE;Anos Finais (6º-9º), Ensino Médio;INEP - Censo Escolar 2023, SEED-PR Editais 2020-2025, SEED-PR KML, IBGE;2023;True;2024;SIM;HEBER S VARGAS C E CM PROF DREF M P
41031237;HUGO SIMAS C E EF M PROFIS;Londrina;4113700;PR;LONDRINA LONDRINA;;;;-23.3122078;-51.1633959;EXATA_KML;Estadual;Pública Estadual;Urbana;EM_ATIVIDADE;Anos Finais (6º-9º), Ensino Médio;INEP - Censo Escolar 2023, SEED-PR Editais 2020-2025, SEED-PR KML, IBGE;2023;True;2024;SIM;HUGO SIMAS C E CMEF M PROFIS
41031253;HUMBERTO P COUTINHO C E EF M PROFIS;Londrina;4113700;PR;LONDRINA LONDRINA;;;;-23.3288396;-51.1099554;EXATA_KML;Estadual;Pública Estadual;Urbana;EM_ATIVIDADE;Anos Finais (6º-9º), Ensino Médio;INEP - Censo Escolar 2023, SEED-PR Editais 2020-2025, SEED-PR KML, IBGE;2023;True;2024;SIM;HUMBERTO P COUTINHO C E CMEF M PROFIS
41031709;LAURO G DA V PESSOA E E PROF EF;Londrina;4113700;PR;LONDRINA LONDRINA LAURO G;;;;-23.2514855;-51.1432282;EXATA_KML;Estadual;Pública Estadual;Urbana;EM_ATIVIDADE;Anos Finais (6º-9º);INEP - Censo Escolar 2023, SEED-PR Editais 2020-2025, SEED-PR KML, IBGE;2023;True;2024;SIM;LAURO G DA V PESSOA E E CM PROFEF
41031750;LUCIA B LISBOA C E PROFA EF M;Londrina;4113700;PR;LONDRINA LONDRINA;;;;-23.304;-51.1691;CENTROIDE_MUNICIPIO;Estadual;Pública Estadual;Urbana;EM_ATIVIDADE;Anos Finais (6º-9º), Ensino Médio;INEP - Censo Escolar 2023, SEED-PR Editais 2020-2025, SEED-PR KML, IBGE;2023;True;INDETERMINADO;INDETERMINADO;LUCIA B LISBOA C E PROFAEF M
41031873;MARGARIDA B LISBOA C E PROFA EF M;Londrina;4113700;PR;LONDRINA LONDRINA;;;;-23.3475895;-51.1486237;EXATA_KML;Estadual;Pública Estadual;Urbana;EM_ATIVIDADE;Anos Finais (6º-9º), Ensino Médio;INEP - Censo Escolar 2023, SEED-PR Editais 2020-2025, SEED-PR KML, IBGE;2023;True;2024;SIM;MARGARIDA B LISBOA C E CM PROFAEF M
41032225;NEWTON GUIMARAES C E PROF EF M;Londrina;4113700;PR;LONDRINA LONDRINA;;;;-23.3278296;-51.1516913;EXATA_KML;Estadual;Pública Estadual;Urbana;EM_ATIVIDADE;Anos Finais (6º-9º), Ensino Médio;INEP - Censo Escolar 2023, SEED-PR Editais 2020-2025, SEED-PR KML, IBGE;2023;True;2024;SIM;NEWTON GUIMARAES C E CM PROFEF M
41032241;NILO PECANHA C E EF M PROFIS;Londrina;4113700;PR;LONDRINA LONDRINA;;;;-23.2998474;-51.1680853;EXATA_KML;Estadual;Pública Estadual;Urbana;EM_ATIVIDADE;Anos Finais (6º-9º), Ensino Médio;INEP - Censo Escolar 2023, SEED-PR Editais 2020-2025, SEED-PR KML, IBGE;2023;True;2024;SIM;NILO PECANHA C E CMEF M PROFIS
41032446;OLYMPIA M TORMENTA C E PROF EF M PROFIS;Londrina;4113700;PR;LONDRINA LONDRINA;;;;-23.2597151;-51.1440594;EXATA_KML;Estadual;Pública Estadual;Urbana;EM_ATIVIDADE;Anos Finais (6º-9º), Ensino Médio;INEP - Censo Escolar 2023, SEED-PR Editais 2020-2025, SEED-PR KML, IBGE;2023;True;2024;SIM;OLYMPIA M TORMENTA C E CM PROFEF M P
41032853;RIO BRANCO C E BAR DO EF M;Londrina;4113700;PR;LONDRINA LONDRINA;;;;-23.3289881;-51.1558095;EXATA_KML;Estadual;Pública Estadual;Urbana;EM_ATIVIDADE;Anos Finais (6º-9º), Ensino Médio;INEP - Censo Escolar 2023, SEED-PR Editais 2020-2025, SEED-PR KML, IBGE;2023;True;2024;SIM;RIO BRANCO C E CM BAR DOEF M
41033620;LAURO P TAVARES C E DR EF M;Rolândia;4122404;PR;LONDRINA ROLANDIA;;;;-23.1923628;-51.4421591;EXATA_KML;Estadual;Pública Estadual;Urbana;EM_ATIVIDADE;Anos Finais (6º-9º), Ensino Médio;INEP - Censo Escolar 2023, SEED-PR Editais 2020-2025, SEED-PR KML, IBGE;2023;True;2024;SIM;LAURO P TAVARES C E CM DREF M
41037324;ANTONIO DINIZ PEREIRA C E EF M PROFIS;Ivaiporã;4111506;PR;IVAIPORA IVAIPORA ANTONIO;;;;-24.2371218;-51.6810542;EXATA_KML;Estadual;Pública Estadual;Urbana;EM_ATIVIDADE;Anos Finais (6º-9º), Ensino Médio;INEP - Censo Escolar 2023, SEED-PR Editais 2020-2025, SEED-PR KML, IBGE;2023;True;2024;SIM;ANTONIO DINIZ PEREIRA C E CMEF M
41037413;BENTO MOSSURUNGA C E EF M;Ivaiporã;4111506;PR;IVAIPORÃ IVAIPORÃ;;;;-24.2485;-51.6754;CENTROIDE_MUNICIPIO;Estadual;Pública Estadual;Urbana;EM_ATIVIDADE;Anos Finais (6º-9º), Ensino Médio;INEP - Censo Escolar 2023, SEED-PR Editais 2020-2025, SEED-PR KML, IBGE;2023;True;2026;FUTURO_2026;BENTO MOSSURUNGA C EEF M
41039068;NEREU RAMOS C E E F M;Manoel Ribas;4114500;PR;IVAIPORA MANOEL RIBAS;;;;-24.514456;-51.668372;EXATA_KML;Estadual;Pública Estadual;Urbana;EM_ATIVIDADE;Anos Finais (6º-9º);INEP - Censo Escolar 2023, SEED-PR Editais 2020-2025, SEED-PR KML, IBGE;2023;True;2024;SIM;NEREU RAMOS E E CMEF
41040317;JOSE DE MATTOS LEAO C E EF M;São João do Ivaí;4125001;PR;IVAIPORA SAO JOAO IVAI;;;;-23.9921247;-51.8227515;EXATA_KML;Estadual;Pública Estadual;Urbana;EM_ATIVIDADE;Anos Finais (6º-9º);INEP - Censo Escolar 2023, SEED-PR Editais 2020-2025, SEED-PR KML, IBGE;2023;True;2024;SIM;JOSE DE MATTOS LEAO C E CMEF M
41040694;VICENTE MACHADO C E C EF M;São Pedro do Ivaí;4125803;PR;IVAIPORA S PEDRO DO IVAI;;;;-23.867154;-51.859483;EXATA_KML;Estadual;Pública Estadual;Urbana;EM_ATIVIDADE;Anos Finais (6º-9º);INEP - Censo Escolar 2023, SEED-PR Editais 2020-2025, SEED-PR KML, IBGE;2023;True;2024;SIM;VICENTE MACHADO C E CMEF M
41040759;CARRAO C E CONS EF M;Assaí;4101903;PR;CORNÉLIO PROCÓPIO;;;;-23.3697;-50.8459;CENTROIDE_MUNICIPIO;Estadual;Pública Estadual;Urbana;EM_ATIVIDADE;Anos Finais (6º-9º), Ensino Médio;INEP - Censo Escolar 2023, SEED-PR Editais 2020-2025, SEED-PR KML, IBGE;2023;True;2026;FUTURO_2026;CARRAO C E CONSEF M
41042670;RUI BARBOSA C E EF M N PROFIS;Abatiá;4100103;PR;JACAREZINHO;;;;-23.3049;-50.3133;CENTROIDE_MUNICIPIO;Estadual;Pública Estadual;Urbana;EM_ATIVIDADE;Ensino Médio;INEP - Censo Escolar 2023, SEED-PR Editais 2020-2025, SEED-PR KML, IBGE;2023;True;2026;FUTURO_2026;RUI BARBOSA C E EF M N PROFIS
41042778;STELLA MARIS C E EF M;Andirá;4101101;PR;JACAREZINHO ANDIRA;;;;-23.0448736;-50.2296316;EXATA_KML;Estadual;Pública Estadual;Urbana;EM_ATIVIDADE;Anos Finais (6º-9º), Ensino Médio;INEP - Censo Escolar 2023, SEED-PR Editais 2020-2025, SEED-PR KML, IBGE;2023;True;2024;SIM;STELLA MARIS C E CMEF M
41043375;NOBREGA DA CUNHA C E EF M;Bandeirantes;4102406;PR;CORNELIO PROCOPIO;;;;-23.1058563;-50.3709259;EXATA_KML;Estadual;Pública Estadual;Urbana;EM_ATIVIDADE;Anos Finais (6º-9º);INEP - Censo Escolar 2023, SEED-PR Editais 2020-2025, SEED-PR KML, IBGE;2023;True;2024;SIM;NOBREGA DA CUNHA C E CMEF M
41046218;ANTONIO BITONTI E E PROF EF;Sertaneja;4126405;PR;CORNELIO PROCOPIO;;;;-23.041602;-50.8173866;EXATA_KML;Estadual;Pública Estadual;Urbana;EM_ATIVIDADE;Anos Finais (6º-9º);INEP - Censo Escolar 2023, SEED-PR Editais 2020-2025, SEED-PR KML, IBGE;2023;True;2024;SIM;ANTONIO BITONTI E E CM PROFEF
41046552;CAROLINA LUPION C E DONA EF M;Cambará;4103602;PR;JACAREZINHO CAMBARA;;;;-23.0487442;-50.0670641;EXATA_KML;Estadual;Pública Estadual;Urbana;EM_ATIVIDADE;Anos Finais (6º-9º), Ensino Médio;INEP - Censo Escolar 2023, SEED-PR Editais 2020-2025, SEED-PR KML, IBGE;2023;True;2024;SIM;CAROLINA LUPION C E CM DONAEF M
41046960;ANESIO DE A LEITE C E EF M PROFIS;Jacarezinho;4111803;PR;JACAREZINHO JACAREZINHO;;;;-23.1449623;-49.9480476;EXATA_KML;Estadual;Pública Estadual;Urbana;EM_ATIVIDADE;Anos Finais (6º-9º), Ensino Médio;INEP - Censo Escolar 2023, SEED-PR Editais 2020-2025, SEED-PR KML, IBGE;2023;True;2024;SIM;ANESIO DE A LEITE C E CMEF M PROFIS
41051351;MIGUEL DIAS C E EF M PROFIS;Joaquim Távora;4112801;PR;JACAREZINHO;;;;-23.4987;-49.909;CENTROIDE_MUNICIPIO;Estadual;Pública Estadual;Urbana;EM_ATIVIDADE;Anos Finais (6º-9º), Ensino Médio;INEP - Censo Escolar 2023, SEED-PR Editais 2020-2025, SEED-PR KML, IBGE;2023;True;2026;FUTURO_2026;MIGUEL DIAS C EEF M PROFIS
41052250;NEWTON SAMPAIO E E EF;São José da Boa Vista;4125407;PR;WENCESLAU BRAZ S JOSE B;;;;-23.920683;-49.655987;EXATA_KML;Estadual;Pública Estadual;Urbana;EM_ATIVIDADE;Anos Finais (6º-9º);INEP - Censo Escolar 2023, SEED-PR Editais 2020-2025, SEED-PR KML, IBGE;2023;True;2024;SIM;NEWTON SAMPAIO C E CMEF M
41053494;MIGUEL NASSIF MALUF C E EF M;Wenceslau Braz;4128500;PR;WENCESLAU BRAZ WENCESLAU;;;;-23.889094;-49.802221;EXATA_KML;Estadual;Pública Estadual;Urbana;EM_ATIVIDADE;Anos Finais (6º-9º), Ensino Médio;INEP - Censo Escolar 2023, SEED-PR Editais 2020-2025, SEED-PR KML, IBGE;2023;True;2024;SIM;MIGUEL NASSIF MALUF C E CMEF M
41056264;JARDIM ALEGRE C E EF M PROFIS;Telêmaco Borba;4127106;PR;TELEMACO BORBA TELEMACO;;;;-24.3215265;-50.6393767;EXATA_KML;Estadual;Pública Estadual;Urbana;EM_ATIVIDADE;Anos Finais (6º-9º), Ensino Médio;INEP - Censo Escolar 2023, SEED-PR Editais 2020-2025, SEED-PR KML, IBGE;2023;True;2024;SIM;JARDIM ALEGRE C E CMEF M PROFIS
41056574;TANCREDO NEVES C E PRES EF M PROFIS;Imbaú;4110078;PR;TELEMACO BORBA IMBAU;;;;-24.448;-50.7533;CENTROIDE_MUNICIPIO;Estadual;Pública Estadual;Urbana;EM_ATIVIDADE;Anos Finais (6º-9º), Ensino Médio;INEP - Censo Escolar 2023, SEED-PR Editais 2020-2025, SEED-PR KML, IBGE;2023;True;INDETERMINADO;INDETERMINADO;TANCREDO NEVES C E PRESEF M PROFIS
41060296;JULIA WANDERLEY C E EF M PROFIS;Carambeí;4104659;PR;PONTA GROSSA CARAMBEI;;;;-24.9152;-50.0986;CENTROIDE_MUNICIPIO;Estadual;Pública Estadual;Urbana;EM_ATIVIDADE;Anos Finais (6º-9º), Ensino Médio;INEP - Censo Escolar 2023, SEED-PR Editais 2020-2025, SEED-PR KML, IBGE;2023;True;INDETERMINADO;INDETERMINADO;JULIA WANDERLEY C EEF M PROFIS
41060466;NICOLAU BALTASAR C E PE EF M PROFIS;Castro;4104907;PR;PONTA GROSSA CASTRO;;;;-24.7891;-50.0108;CENTROIDE_MUNICIPIO;Estadual;Pública Estadual;Urbana;EM_ATIVIDADE;Anos Finais (6º-9º), Ensino Médio;INEP - Censo Escolar 2023, SEED-PR Editais 2020-2025, SEED-PR KML, IBGE;2023;True;INDETERMINADO;INDETERMINADO;NICOLAU BALTASAR C E PEEF M
41062108;BECKER E SILVA C E PROF EF M PROFIS;Ponta Grossa;4119905;PR;PONTA GROSSA PONTA GROSSA;;;;-25.0976329;-50.1737623;EXATA_KML;Estadual;Pública Estadual;Urbana;EM_ATIVIDADE;Anos Finais (6º-9º), Ensino Médio;INEP - Censo Escolar 2023, SEED-PR Editais 2020-2025, SEED-PR KML, IBGE;2023;True;2024;SIM;BECKER E SILVA C E CM PROFEF M PROFIS
41062191;CARLOS ZELESNY C E PE EF M;Ponta Grossa;4119905;PR;PONTA GROSSA PONTA GROSSA;;;;-25.0827731;-50.2001117;EXATA_KML;Estadual;Pública Estadual;Urbana;EM_ATIVIDADE;Anos Finais (6º-9º), Ensino Médio;INEP - Censo Escolar 2023, SEED-PR Editais 2020-2025, SEED-PR KML, IBGE;2023;True;2024;SIM;CARLOS ZELESNY C E CM PEEF M
41062272;INST ED E PROF CESAR P MARTINEZ F M N P;Ponta Grossa;4119905;PR;PONTA GROSSA;;;;-25.0916;-50.1668;CENTROIDE_MUNICIPIO;Estadual;Pública Estadual;Urbana;EM_ATIVIDADE;Anos Finais (6º-9º), Ensino Médio;INEP - Censo Escolar 2023, SEED-PR Editais 2020-2025, SEED-PR KML, IBGE;2023;True;INDETERMINADO;INDETERMINADO;INST ED E PROF CESAR P MARTINEZF M N P
41062469;EPAMINONDAS N RIBAS C E DR EF M PROFIS;Ponta Grossa;4119905;PR;PONTA GROSSA PONTA GROSSA;;;;-25.0683419;-50.1733195;EXATA_KML;Estadual;Pública Estadual;Urbana;EM_ATIVIDADE;Anos Finais (6º-9º), Ensino Médio;INEP - Censo Escolar 2023, SEED-PR Editais 2020-2025, SEED-PR KML, IBGE;2023;True;2024;SIM;EPAMINONDAS N RIBAS C E CM DREF M P
41062914;KENNEDY C E PRES EF M PROFIS;Ponta Grossa;4119905;PR;PONTA GROSSA PONTA;;;;-25.0916;-50.1668;CENTROIDE_MUNICIPIO;Estadual;Pública Estadual;Urbana;EM_ATIVIDADE;Anos Finais (6º-9º), Ensino Médio;INEP - Censo Escolar 2023, SEED-PR Editais 2020-2025, SEED-PR KML, IBGE;2023;True;INDETERMINADO;INDETERMINADO;KENNEDY C E PRESEFMPN
41062949;LINDA S BACILA C E PROFA EF M PROFIS;Ponta Grossa;4119905;PR;PONTA GROSSA PONTA GROSSA;;;;-25.0916;-50.1668;CENTROIDE_MUNICIPIO;Estadual;Pública Estadual;Urbana;EM_ATIVIDADE;Anos Finais (6º-9º), Ensino Médio;INEP - Censo Escolar 2023, SEED-PR Editais 2020-2025, SEED-PR KML, IBGE;2023;True;INDETERMINADO;INDETERMINADO;LINDA S BACILA C E PROFAEF M PROFIS
41063031;MENELEU A TORRES C E PROF EF M PROFIS;Ponta Grossa;4119905;PR;PONTA GROSSA PONTA GROSSA;;;;-25.0916;-50.1668;CENTROIDE_MUNICIPIO;Estadual;Pública Estadual;Urbana;EM_ATIVIDADE;Anos Finais (6º-9º), Ensino Médio;INEP - Censo Escolar 2023, SEED-PR Editais 2020-2025, SEED-PR KML, IBGE;2023;True;INDETERMINADO;INDETERMINADO;MENELEU A TORRES C E PROFEF M PROFIS
41063058;MONTEIRO LOBATO E E EF;Ponta Grossa;4119905;PR;PONTA GROSSA;;;;-25.0916;-50.1668;CENTROIDE_MUNICIPIO;Estadual;Pública Estadual;Urbana;EM_ATIVIDADE;Anos Finais (6º-9º);INEP - Censo Escolar 2023, SEED-PR Editais 2020-2025, SEED-PR KML, IBGE;2023;True;INDETERMINADO;INDETERMINADO;MONTEIRO LOBATO E EEF
41063139;NOSSA SRA DA GLORIA C E EF M;Ponta Grossa;4119905;PR;PONTA GROSSA PONTA GROSSA;;;;-25.0694951;-50.1186957;EXATA_KML;Estadual;Pública Estadual;Urbana;EM_ATIVIDADE;Anos Finais (6º-9º), Ensino Médio;INEP - Censo Escolar 2023, SEED-PR Editais 2020-2025, SEED-PR KML, IBGE;2023;True;2024;SIM;NOSSA SRA DA GLORIA C E CMEF M
41063155;OSORIO C E GAL EF M PROFIS;Ponta Grossa;4119905;PR;PONTA GROSSA PONTA;;;;-25.0917591;-50.1366796;EXATA_KML;Estadual;Pública Estadual;Urbana;EM_ATIVIDADE;Anos Finais (6º-9º), Ensino Médio;INEP - Censo Escolar 2023, SEED-PR Editais 2020-2025, SEED-PR KML, IBGE;2023;True;2024;SIM;OSORIO C E CM GALEF M PROFIS
41063384;SANTA MARIA C E EF M;Ponta Grossa;4119905;PR;PONTA GROSSA PONTA GROSSA;;;;-25.0916;-50.1668;CENTROIDE_MUNICIPIO;Estadual;Pública Estadual;Urbana;EM_ATIVIDADE;Anos Finais (6º-9º), Ensino Médio;INEP - Censo Escolar 2023, SEED-PR Editais 2020-2025, SEED-PR KML, IBGE;2023;True;INDETERMINADO;INDETERMINADO;SANTA MARIA C EEF M
41067029;GRACILIANO RAMOS E E EF;Santa Helena;4123501;PR;TOLEDO SANTA HELENA;;;;-24.8586386;-54.3307282;EXATA_KML;Estadual;Pública Estadual;Urbana;EM_ATIVIDADE;Anos Finais (6º-9º);INEP - Censo Escolar 2023, SEED-PR Editais 2020-2025, SEED-PR KML, IBGE;2023;True;2024;SIM;GRACILIANO RAMOS E E CMEF
41068688;JOAO ARNALDO RITT C E EF M;Toledo;4127700;PR;TOLEDO TOLEDO JOAO;;;;-24.5752883;-53.8009047;EXATA_KML;Estadual;Pública Estadual;Urbana;EM_ATIVIDADE;Anos Finais (6º-9º), Ensino Médio;INEP - Censo Escolar 2023, SEED-PR Editais 2020-2025, SEED-PR KML, IBGE;2023;True;2024;SIM;JOAO ARNALDO RITT C E CMEF M
41068807;LUIZ AUGUSTO M REGO C E EF M PROFIS;Toledo;4127700;PR;TOLEDO TOLEDO LUIZ;;;;-24.7358616;-53.7411525;EXATA_KML;Estadual;Pública Estadual;Urbana;EM_ATIVIDADE;Anos Finais (6º-9º), Ensino Médio;INEP - Censo Escolar 2023, SEED-PR Editais 2020-2025, SEED-PR KML, IBGE;2023;True;2024;SIM;LUIZ AUGUSTO M REGO C E CMEF M PROFIS
41068998;NOVO SARANDI C E C EF M;Toledo;4127700;PR;TOLEDO;;;;-24.7246;-53.7412;CENTROIDE_MUNICIPIO;Estadual;Pública Estadual;Urbana;EM_ATIVIDADE;Anos Finais (6º-9º), Ensino Médio;INEP - Censo Escolar 2023, SEED-PR Editais 2020-2025, SEED-PR KML, IBGE;2023;True;2026;FUTURO_2026;NOVO SARANDI C E CEF M
41070224;ALBERTO S DUMONT C E EF M N PROFIS;Cafelândia;4103453;PR;CASCAVEL CAFELÂNDIA;;;;-24.6189;-53.3207;CENTROIDE_MUNICIPIO;Estadual;Pública Estadual;Urbana;EM_ATIVIDADE;Anos Finais (6º-9º), Ensino Médio;INEP - Censo Escolar 2023, SEED-PR Editais 2020-2025, SEED-PR KML, IBGE;2023;True;2026;FUTURO_2026;ALBERTO S DUMONT C EEF M N PROFIS
41070585;CARLOS A CAMARGO C E EF M PROFIS;Capitão Leônidas Marques;4104600;PR;CASCAVEL CAP L MARQUES;;;;-25.4910232;-53.6063471;EXATA_KML;Estadual;Pública Estadual;Urbana;EM_ATIVIDADE;Anos Finais (6º-9º), Ensino Médio;INEP - Censo Escolar 2023, SEED-PR Editais 2020-2025, SEED-PR KML, IBGE;2023;True;2024;SIM;CARLOS A CAMARGO C E CMEF M PROFIS
41071018;XIV DE NOVEMBRO C E EF M;Cascavel;4104808;PR;CASCAVEL CASCAVEL;;;;-24.9869767;-53.4801429;EXATA_KML;Estadual;Pública Estadual;Urbana;EM_ATIVIDADE;Anos Finais (6º-9º), Ensino Médio;INEP - Censo Escolar 2023, SEED-PR Editais 2020-2025, SEED-PR KML, IBGE;2023;True;2024;SIM;XIV DE NOVEMBRO C E CMEF M
41071409;HUMBERTO A C BRANCO C E MAL EF M PROF;Cascavel;4104808;PR;CASCAVEL CASCAVEL;;;;-24.9782215;-53.465882;EXATA_KML;Estadual;Pública Estadual;Urbana;EM_ATIVIDADE;Anos Finais (6º-9º), Ensino Médio;INEP - Censo Escolar 2023, SEED-PR Editais 2020-2025, SEED-PR KML, IBGE;2023;True;2024;SIM;HUMBERTO A C BRANCO C E CM MALEF M P
41071590;JOSE A B ORSO C E EF M;Cascavel;4104808;PR;CASCAVEL CASCAVEL JOSE;;;;-24.9870315;-53.4940019;EXATA_KML;Estadual;Pública Estadual;Urbana;EM_ATIVIDADE;Anos Finais (6º-9º), Ensino Médio;INEP - Censo Escolar 2023, SEED-PR Editais 2020-2025, SEED-PR KML, IBGE;2023;True;2024;SIM;JOSE A B ORSO C E CMEF M PROF
41071832;MARILIS F PIROTELLI C E EF M;Cascavel;4104808;PR;CASCAVEL CASCAVEL;;;;-24.9573;-53.459;CENTROIDE_MUNICIPIO;Estadual;Pública Estadual;Urbana;EM_ATIVIDADE;Anos Finais (6º-9º), Ensino Médio;INEP - Censo Escolar 2023, SEED-PR Editais 2020-2025, SEED-PR KML, IBGE;2023;True;INDETERMINADO;INDETERMINADO;MARILIS F PIROTELLI C EEF M
41072626;AMANCIO MORO C E EF M N PROFIS;Corbélia;4106308;PR;CASCAVEL CORBELIA;;;;-24.8038914;-53.2952073;EXATA_KML;Estadual;Pública Estadual;Urbana;EM_ATIVIDADE;Anos Finais (6º-9º), Ensino Médio;INEP - Censo Escolar 2023, SEED-PR Editais 2020-2025, SEED-PR KML, IBGE;2023;True;2024;SIM;AMANCIO MORO C E CM EF M N PROFIS
41073037;OSORIO DUQUE ESTRADA C E EF M;Diamante do Sul;4107124;PR;LARANJEIRAS DO SUL;;;;-25.044102;-52.683045;EXATA_KML;Estadual;Pública Estadual;Urbana;EM_ATIVIDADE;Anos Finais (6º-9º), Ensino Médio;INEP - Censo Escolar 2023, SEED-PR Editais 2020-2025, SEED-PR KML, IBGE;2023;True;2024;SIM;OSORIO DUQUE ESTRADA C E CMEF M
41075919;ALMIRO SARTORI C E EF M PROFIS;Foz do Iguaçu;4108304;PR;FOZ DO IGUACU FOZ DO;;;;-25.5427;-54.5827;CENTROIDE_MUNICIPIO;Estadual;Pública Estadual;Urbana;EM_ATIVIDADE;Anos Finais (6º-9º), Ensino Médio;INEP - Censo Escolar 2023, SEED-PR Editais 2020-2025, SEED-PR KML, IBGE;2023;True;INDETERMINADO;INDETERMINADO;ALMIRO SARTORI C EEF M PROFIS
41076036;AYRTON SENNA DA SILVA C E EF M N PROFIS;Foz do Iguaçu;4108304;PR;FOZ DO IGUACU FOZ DO;;;;-25.5427;-54.5827;CENTROIDE_MUNICIPIO;Estadual;Pública Estadual;Urbana;EM_ATIVIDADE;Anos Finais (6º-9º), Ensino Médio;INEP - Censo Escolar 2023, SEED-PR Editais 2020-2025, SEED-PR KML, IBGE;2023;True;INDETERMINADO;INDETERMINADO;AYRTON SENNA DA SILVA C EEF M N PROFIS
41076354;CARLOS DRUMMOND DE ANDRADE C E EF M P;Foz do Iguaçu;4108304;PR;"FOZ DO 
IGUACU FOZ DO";;;;-25.5143616;-54.5308891;EXATA_KML;Estadual;Pública Estadual;Urbana;EM_ATIVIDADE;Anos Finais (6º-9º), Ensino Médio;INEP - Censo Escolar 2023, SEED-PR Editais 2020-2025, SEED-PR KML, IBGE;2023;True;2024;SIM;CARLOS DRUM DE ANDRADE C E CMEF M P
41076605;JUSCELINO K DE OLIVEIRA C E EF M PROFIS;Foz do Iguaçu;4108304;PR;FOZ DO IGUACU FOZ DO;;;;-25.5427;-54.5827;CENTROIDE_MUNICIPIO;Estadual;Pública Estadual;Urbana;EM_ATIVIDADE;Anos Finais (6º-9º), Ensino Médio;INEP - Censo Escolar 2023, SEED-PR Editais 2020-2025, SEED-PR KML, IBGE;2023;True;INDETERMINADO;INDETERMINADO;JUSCELINO K DE OLIVEIRA C EEF M PROFIS
41077512;ARTHUR DA C SILVA C E MAL EF M PROFIS;Medianeira;4115804;PR;FOZ DO IGUACU MEDIANEIRA;;;;-25.2977;-54.0943;CENTROIDE_MUNICIPIO;Estadual;Pública Estadual;Urbana;EM_ATIVIDADE;Anos Finais (6º-9º), Ensino Médio;INEP - Censo Escolar 2023, SEED-PR Editais 2020-2025, SEED-PR KML, IBGE;2023;True;2024;SIM;ARTHUR DA C SILVA C E CM MALEF M P
41077776;KENNEDY C E C PRES E F M;Serranópolis do Iguaçu;4126355;PR;FOZ DO IGUAÇU;;;;-25.3825992;-54.0519939;EXATA_KML;Estadual;Pública Estadual;Urbana;EM_ATIVIDADE;Anos Finais (6º-9º), Ensino Médio;INEP - Censo Escolar 2023, SEED-PR Editais 2020-2025, SEED-PR KML, IBGE;2023;True;2024;SIM;KENNEDY C E C CM PRESEF M
41078586;ARCANGELO NANDI C E EF M PROFIS;Santa Terezinha de Itaipu;4124053;PR;FOZ DO IGUAÇU;;;;-25.4391;-54.402;CENTROIDE_MUNICIPIO;Estadual;Pública Estadual;Urbana;EM_ATIVIDADE;Anos Finais (6º-9º), Ensino Médio;INEP - Censo Escolar 2023, SEED-PR Editais 2020-2025, SEED-PR KML, IBGE;2023;True;2026;FUTURO_2026;ARCANGELO NANDI C EE F M
41079469;PARANAGUA C E MQ DE EF M PROFIS;Vera Cruz do Oeste;4128559;PR;CASCAVEL VERA CRUZ DO;;;;-25.0577;-53.8771;CENTROIDE_MUNICIPIO;Estadual;Pública Estadual;Urbana;EM_ATIVIDADE;Anos Finais (6º-9º), Ensino Médio;INEP - Censo Escolar 2023, SEED-PR Editais 2020-2025, SEED-PR KML, IBGE;2023;True;INDETERMINADO;INDETERMINADO;PARANAGUA C E MQ DEEF M PROFIS
41081340;JOAO ZACCO PARANA C E EF M PROFIS;Planalto;4119806;PR;FRANCISCO BELTRAO;;;;-25.7278702;-53.7595696;EXATA_KML;Estadual;Pública Estadual;Urbana;EM_ATIVIDADE;Anos Finais (6º-9º), Ensino Médio;INEP - Censo Escolar 2023, SEED-PR Editais 2020-2025, SEED-PR KML, IBGE;2023;True;2024;SIM;JOAO ZACCO PARANA C E CMEF M
41084721;JOSE DE ANCHIETA C E EF M;Dois Vizinhos;4107207;PR;DOIS VIZINHOS DOIS;;;;-25.7407;-53.057;CENTROIDE_MUNICIPIO;Estadual;Pública Estadual;Urbana;EM_ATIVIDADE;Anos Finais (6º-9º), Ensino Médio;INEP - Censo Escolar 2023, SEED-PR Editais 2020-2025, SEED-PR KML, IBGE;2023;True;2026;FUTURO_2026;JOSE DE ANCHIETA C EEF M
41084772;LEONARDO DA VINCI C E EF M N PROFIS;Dois Vizinhos;4107207;PR;DOIS VIZINHOS DOIS;;;;-25.7522257;-53.058003;EXATA_KML;Estadual;Pública Estadual;Urbana;EM_ATIVIDADE;Anos Finais (6º-9º), Ensino Médio;INEP - Censo Escolar 2023, SEED-PR Editais 2020-2025, SEED-PR KML, IBGE;2023;True;2024;SIM;LEONARDO DA VINCI C E CMEF M N PROFIS
41085906;EDUARDO VIRMOND SUPLICY C E DR EF M P;Francisco Beltrão;4108403;PR;FRANCISCO BELTRAO FRANC;;;;-26.0817;-53.0535;CENTROIDE_MUNICIPIO;Estadual;Pública Estadual;Urbana;EM_ATIVIDADE;Anos Finais (6º-9º), Ensino Médio;INEP - Censo Escolar 2023, SEED-PR Editais 2020-2025, SEED-PR KML, IBGE;2023;True;INDETERMINADO;INDETERMINADO;EDUARDO VIRMOND SUPLICY C E DREF M P
41086945;MARMELEIRO C E DE EF M PROFIS;Marmeleiro;4115408;PR;FRANCISCO BELTRAO;;;;-26.1472;-53.0267;CENTROIDE_MUNICIPIO;Estadual;Pública Estadual;Urbana;EM_ATIVIDADE;Anos Finais (6º-9º), Ensino Médio;INEP - Censo Escolar 2023, SEED-PR Editais 2020-2025, SEED-PR KML, IBGE;2023;True;INDETERMINADO;INDETERMINADO;MARMELEIRO C E DEEF M
41089006;JORGE DE LIMA E E EF;Salto do Lontra;4123006;PR;DOIS VIZINHOS SALTO;;;;-25.7796958;-53.3088493;EXATA_KML;Estadual;Pública Estadual;Urbana;EM_ATIVIDADE;Anos Finais (6º-9º);INEP - Censo Escolar 2023, SEED-PR Editais 2020-2025, SEED-PR KML, IBGE;2023;True;2024;SIM;JORGE DE LIMA E E CMEF
41092694;ISIDORO DUMONT E E IR EF;Itapejara d'Oeste;4111209;PR;PATO BRANCO ITAPEJARA;;;;-25.968305;-52.8156112;EXATA_KML;Estadual;Pública Estadual;Urbana;EM_ATIVIDADE;Anos Finais (6º-9º);INEP - Censo Escolar 2023, SEED-PR Editais 2020-2025, SEED-PR KML, IBGE;2023;True;2024;SIM;ISIDORO DUMONT E E CM IREF
41093666;SAO JOAO BOSCO C E EF M PROFIS;Pato Branco;4118501;PR;PATO BRANCO PATO BRANCO;;;;-26.2415967;-52.702238;EXATA_KML;Estadual;Pública Estadual;Urbana;EM_ATIVIDADE;Anos Finais (6º-9º), Ensino Médio;INEP - Censo Escolar 2023, SEED-PR Editais 2020-2025, SEED-PR KML, IBGE;2023;True;2024;SIM;SAO JOAO BOSCO C E CMEF M P
41099133;OLAVO BILAC C E EF M N PROFIS;Cantagalo;4104451;PR;LARANJEIRAS DO SUL;;;;-25.3734;-52.1198;CENTROIDE_MUNICIPIO;Estadual;Pública Estadual;Urbana;EM_ATIVIDADE;Anos Finais (6º-9º), Ensino Médio;INEP - Censo Escolar 2023, SEED-PR Editais 2020-2025, SEED-PR KML, IBGE;2023;True;INDETERMINADO;INDETERMINADO;OLAVO BILAC C EEF M N PROFIS
41099940;CESAR STANGE C E EF M;Guarapuava;4109401;PR;GUARAPUAVA GUARAPUAVA;;;;-25.3902;-51.4623;CENTROIDE_MUNICIPIO;Estadual;Pública Estadual;Urbana;EM_ATIVIDADE;Anos Finais (6º-9º), Ensino Médio;INEP - Censo Escolar 2023, SEED-PR Editais 2020-2025, SEED-PR KML, IBGE;2023;True;INDETERMINADO;INDETERMINADO;CESAR STANGE C EEF M
41100689;LENI MARLENE JACOB C E PROFA EF M PROF;Guarapuava;4109401;PR;GUARAPUAVA GUARAPUAVA;;;;-25.3510367;-51.4714886;EXATA_KML;Estadual;Pública Estadual;Urbana;EM_ATIVIDADE;Anos Finais (6º-9º), Ensino Médio;INEP - Censo Escolar 2023, SEED-PR Editais 2020-2025, SEED-PR KML, IBGE;2023;True;2024;SIM;LENI MARLENE JACOB C E CM PROFAEF M P
41101006;PALMEIRINHA C E DO C DE EF M PROF;Guarapuava;4109401;PR;GUARAPUAVA;;;;-25.3902;-51.4623;CENTROIDE_MUNICIPIO;Estadual;Pública Estadual;Urbana;EM_ATIVIDADE;Anos Finais (6º-9º), Ensino Médio;INEP - Censo Escolar 2023, SEED-PR Editais 2020-2025, SEED-PR KML, IBGE;2023;True;2026;FUTURO_2026;PALMEIRINHA C E DO C DEEF M PROF
41105176;ALTO RECREIO C E EF M;Quedas do Iguaçu;4120903;PR;LARANJEIRAS DO SUL QUEDAS;;;;-25.4557344;-52.8976949;EXATA_KML;Estadual;Pública Estadual;Urbana;EM_ATIVIDADE;Anos Finais (6º-9º), Ensino Médio;INEP - Censo Escolar 2023, SEED-PR Editais 2020-2025, SEED-PR KML, IBGE;2023;True;2024;SIM;ALTO RECREIO C E CMEF M
41122801;ALBERTO KRAUSE C E PROF EF M;Almirante Tamandaré;4100400;PR;AREA METROP.NORTE ALM;;;;-25.3728924;-49.3032256;EXATA_KML;Estadual;Pública Estadual;Urbana;EM_ATIVIDADE;Anos Finais (6º-9º), Ensino Médio;INEP - Censo Escolar 2023, SEED-PR Editais 2020-2025, SEED-PR KML, IBGE;2023;True;2024;SIM;ALBERTO KRAUSE C E CM PROFEF M P
41122836;EMILIA BUZATO C E EF M PROFIS;Campo Magro;4104253;PR;AREA METROP.NORTE CAMPO;;;;-25.3805007;-49.387306;EXATA_KML;Estadual;Pública Estadual;Urbana;EM_ATIVIDADE;Anos Finais (6º-9º), Ensino Médio;INEP - Censo Escolar 2023, SEED-PR Editais 2020-2025, SEED-PR KML, IBGE;2023;True;2024;SIM;EMILIA BUZATO C E CM EF M PROFIS
41122860;FLORIPA TEIXEIRA DE FARIA C E EF M;Almirante Tamandaré;4100400;PR;AREA METROP.NORTE ALM;;;;-25.3188;-49.3037;CENTROIDE_MUNICIPIO;Estadual;Pública Estadual;Urbana;EM_ATIVIDADE;Anos Finais (6º-9º), Ensino Médio;INEP - Censo Escolar 2023, SEED-PR Editais 2020-2025, SEED-PR KML, IBGE;2023;True;INDETERMINADO;INDETERMINADO;FLORIPA TEIXEIRA DE FARIA C EEF M PROF
41123212;ROSA F JOHNSON E E PROFA EF;Almirante Tamandaré;4100400;PR;AREA METROP.NORTE ALM;;;;-25.3436638;-49.2710547;EXATA_KML;Estadual;Pública Estadual;Urbana;EM_ATIVIDADE;Anos Finais (6º-9º);INEP - Censo Escolar 2023, SEED-PR Editais 2020-2025, SEED-PR KML, IBGE;2023;True;2024;SIM;ROSA F JOHNSON E E CM PROFA EF
41123301;TANCREDO NEVES C E EF M PROFIS;Almirante Tamandaré;4100400;PR;AREA METROP.NORTE ALM;;;;-25.3188;-49.3037;CENTROIDE_MUNICIPIO;Estadual;Pública Estadual;Urbana;EM_ATIVIDADE;Anos Finais (6º-9º), Ensino Médio;INEP - Censo Escolar 2023, SEED-PR Editais 2020-2025, SEED-PR KML, IBGE;2023;True;INDETERMINADO;INDETERMINADO;TANCREDO NEVES C EEF M
41124014;JUVENTUDE DE SANTO ANTONIO C E EF M;Balsa Nova;4102307;PR;AREA METROP.SUL BALSA;;;;-25.4635516;-49.5879715;EXATA_KML;Estadual;Pública Estadual;Urbana;EM_ATIVIDADE;Anos Finais (6º-9º), Ensino Médio;INEP - Censo Escolar 2023, SEED-PR Editais 2020-2025, SEED-PR KML, IBGE;2023;True;2024;SIM;JUVENTUDE DE SANTO ANTONIO C E CMEF M
41124669;IVAN F DO AMARAL FILHO C E EF M PROF;Campina Grande do Sul;4104006;PR;AREA METROP.NORTE CAMPINA;;;;-25.36639;-49.107308;EXATA_KML;Estadual;Pública Estadual;Urbana;EM_ATIVIDADE;Anos Finais (6º-9º), Ensino Médio;INEP - Censo Escolar 2023, SEED-PR Editais 2020-2025, SEED-PR KML, IBGE;2023;True;2024;SIM;IVAN F DO AMARAL FILHO C E CM EF M P
41125053;DJALMA MARINHO C E EF M PROFIS;Campo Largo;4104204;PR;AREA METROP.SUL CAMPO;;;;-25.4690451;-49.5625309;EXATA_KML;Estadual;Pública Estadual;Urbana;EM_ATIVIDADE;Anos Finais (6º-9º), Ensino Médio;INEP - Censo Escolar 2023, SEED-PR Editais 2020-2025, SEED-PR KML, IBGE;2023;True;2024;SIM;DJALMA MARINHO C E CMEF M PROFIS
41125193;JOAO XXIII C E E F M;Campo Largo;4104204;PR;AREA METROP.SUL CAMPO;;;;-25.4336014;-49.4094114;EXATA_KML;Estadual;Pública Estadual;Urbana;EM_ATIVIDADE;Anos Finais (6º-9º), Ensino Médio;INEP - Censo Escolar 2023, SEED-PR Editais 2020-2025, SEED-PR KML, IBGE;2023;True;2024;SIM;JOAO XXIII C E CMEF M
41125304;MACEDO SOARES C E EF M PROFIS;Campo Largo;4104204;PR;AREA METROP.SUL CAMPO;;;;-25.459711;-49.5296764;EXATA_KML;Estadual;Pública Estadual;Urbana;EM_ATIVIDADE;Anos Finais (6º-9º), Ensino Médio;INEP - Censo Escolar 2023, SEED-PR Editais 2020-2025, SEED-PR KML, IBGE;2023;True;2024;SIM;MACEDO SOARES C E CMEF M PROFIS
41126050;HELENA KOLODY C E EF M PROF;Colombo;4105805;PR;AREA METROP.NORTE COLOMBO;;;;-25.2925;-49.2262;CENTROIDE_MUNICIPIO;Estadual;Pública Estadual;Urbana;EM_ATIVIDADE;Anos Finais (6º-9º), Ensino Médio;INEP - Censo Escolar 2023, SEED-PR Editais 2020-2025, SEED-PR KML, IBGE;2023;True;INDETERMINADO;INDETERMINADO;HELENA KOLODY C EEF M PROF
41126122;JOAO R DE CAMARGO C E EF M PROFIS;Colombo;4105805;PR;AREA METROP.NORTE COLOMBO;;;;-25.2925;-49.2262;CENTROIDE_MUNICIPIO;Estadual;Pública Estadual;Urbana;EM_ATIVIDADE;Anos Finais (6º-9º), Ensino Médio;INEP - Censo Escolar 2023, SEED-PR Editais 2020-2025, SEED-PR KML, IBGE;2023;True;2024;SIM;JOAO R DE CAMARGO C E CM EF M
41126670;MIGUEL FRANCO FILHO C E EF M PROFIS;Contenda;4106209;PR;AREA METROP.SUL CONTENDA;;;;-25.6791199;-49.5269708;EXATA_KML;Estadual;Pública Estadual;Urbana;EM_ATIVIDADE;Anos Finais (6º-9º), Ensino Médio;INEP - Censo Escolar 2023, SEED-PR Editais 2020-2025, SEED-PR KML, IBGE;2023;True;2024;SIM;MIGUEL FRANCO FILHO C E CMEF M PROFIS
41127048;ALFREDO PARODI C E EF M PROFIS;Curitiba;4106902;PR;CURITIBA CURITIBA;;;;-25.4195;-49.2646;CENTROIDE_MUNICIPIO;Estadual;Pública Estadual;Urbana;EM_ATIVIDADE;Anos Finais (6º-9º), Ensino Médio;INEP - Censo Escolar 2023, SEED-PR Editais 2020-2025, SEED-PR KML, IBGE;2023;True;INDETERMINADO;INDETERMINADO;ALFREDO PARODI C EEF M PROFIS
41127668;BENTO M DA ROCHA NETO C E EF M PROFIS;Curitiba;4106902;PR;CURITIBA CURITIBA BENTO;;;;-25.4195;-49.2646;CENTROIDE_MUNICIPIO;Estadual;Pública Estadual;Urbana;EM_ATIVIDADE;Anos Finais (6º-9º), Ensino Médio;INEP - Censo Escolar 2023, SEED-PR Editais 2020-2025, SEED-PR KML, IBGE;2023;True;2026;FUTURO_2026;BENTO M DA ROCHA NETO C EEF M PROFIS
41128664;CRUZEIRO DO SUL C E EF M PROFIS;Curitiba;4106902;PR;CURITIBA CURITIBA;;;;-25.3673887;-49.2103996;EXATA_KML;Estadual;Pública Estadual;Urbana;EM_ATIVIDADE;Anos Finais (6º-9º), Ensino Médio;INEP - Censo Escolar 2023, SEED-PR Editais 2020-2025, SEED-PR KML, IBGE;2023;True;2024;SIM;CRUZEIRO DO SUL C E CMEF M P
41128885;DIRCE C DO AMARAL C E PROFA EF M PROFIS;Curitiba;4106902;PR;CURITIBA CURITIBA DIRCE;;;;-25.4195;-49.2646;CENTROIDE_MUNICIPIO;Estadual;Pública Estadual;Urbana;EM_ATIVIDADE;Anos Finais (6º-9º), Ensino Médio;INEP - Censo Escolar 2023, SEED-PR Editais 2020-2025, SEED-PR KML, IBGE;2023;True;INDETERMINADO;INDETERMINADO;DIRCE C DO AMARAL C E PROFAEF M PROFIS
41128915;DOMINGOS ZANLORENZI C E EF M PROFIS;Curitiba;4106902;PR;CURITIBA CURITIBA;;;;-25.4195;-49.2646;CENTROIDE_MUNICIPIO;Estadual;Pública Estadual;Urbana;EM_ATIVIDADE;Anos Finais (6º-9º), Ensino Médio;INEP - Censo Escolar 2023, SEED-PR Editais 2020-2025, SEED-PR KML, IBGE;2023;True;2026;FUTURO_2026;DOMINGOS ZANLORENZI C EEF M PROFIS
41129512;GABRIELA MISTRAL C E EF M;Curitiba;4106902;PR;CURITIBA CURITIBA;;;;-25.4195;-49.2646;CENTROIDE_MUNICIPIO;Estadual;Pública Estadual;Urbana;EM_ATIVIDADE;Anos Finais (6º-9º), Ensino Médio;INEP - Censo Escolar 2023, SEED-PR Editais 2020-2025, SEED-PR KML, IBGE;2023;True;INDETERMINADO;INDETERMINADO;GABRIELA MISTRAL C EEF M PROFIS
41129539;GELVIRA CORREA PACHECO C E EF M;Curitiba;4106902;PR;CURITIBA CURITIBA GELVIRA;;;;-25.4195;-49.2646;CENTROIDE_MUNICIPIO;Estadual;Pública Estadual;Urbana;EM_ATIVIDADE;Anos Finais (6º-9º), Ensino Médio;INEP - Censo Escolar 2023, SEED-PR Editais 2020-2025, SEED-PR KML, IBGE;2023;True;INDETERMINADO;INDETERMINADO;GELVIRA CORREA PACHECO C EEF M P
41129687;GUIDO STRAUBE C E PROF EF M PROFIS;Curitiba;4106902;PR;CURITIBA CURITIBA;;;;-25.4195;-49.2646;CENTROIDE_MUNICIPIO;Estadual;Pública Estadual;Urbana;EM_ATIVIDADE;Anos Finais (6º-9º), Ensino Médio;INEP - Censo Escolar 2023, SEED-PR Editais 2020-2025, SEED-PR KML, IBGE;2023;True;INDETERMINADO;INDETERMINADO;GUIDO STRAUBE C E PROFEF M PROFIS
41129920;ISABEL L S SOUZA C E PROFA EF M PROFIS;Curitiba;4106902;PR;CURITIBA CURITIBA ISABEL;;;;-25.4195;-49.2646;CENTROIDE_MUNICIPIO;Estadual;Pública Estadual;Urbana;EM_ATIVIDADE;Anos Finais (6º-9º), Ensino Médio;INEP - Censo Escolar 2023, SEED-PR Editais 2020-2025, SEED-PR KML, IBGE;2023;True;INDETERMINADO;INDETERMINADO;ISABEL L S SOUZA C E PROFAEF M PROFIS
41129970;IVO LEAO C E EF M;Curitiba;4106902;PR;CURITIBA CURITIBA;;;;-25.4195;-49.2646;CENTROIDE_MUNICIPIO;Estadual;Pública Estadual;Urbana;EM_ATIVIDADE;Anos Finais (6º-9º), Ensino Médio;INEP - Censo Escolar 2023, SEED-PR Editais 2020-2025, SEED-PR KML, IBGE;2023;True;INDETERMINADO;INDETERMINADO;IVO LEAO C EEF M
41129989;IVO ZANLORENZI E E MONS EF;Curitiba;4106902;PR;CURITIBA;;;;-25.4195;-49.2646;CENTROIDE_MUNICIPIO;Estadual;Pública Estadual;Urbana;EM_ATIVIDADE;Anos Finais (6º-9º);INEP - Censo Escolar 2023, SEED-PR Editais 2020-2025, SEED-PR KML, IBGE;2023;True;2026;FUTURO_2026;IVO ZANLORENZI E E MONSEF
41130065;JAYME CANET C E EF M PROFIS;Curitiba;4106902;PR;CURITIBA CURITIBA;;;;-25.5000954;-49.2657142;EXATA_KML;Estadual;Pública Estadual;Urbana;EM_ATIVIDADE;Anos Finais (6º-9º), Ensino Médio;INEP - Censo Escolar 2023, SEED-PR Editais 2020-2025, SEED-PR KML, IBGE;2023;True;2024;SIM;JAYME CANET C E CMEF M P
41130146;JOAO LOYOLA C E PROF EF M;Curitiba;4106902;PR;CURITIBA CURITIBA;;;;-25.5184881;-49.3000709;EXATA_KML;Estadual;Pública Estadual;Urbana;EM_ATIVIDADE;Anos Finais (6º-9º), Ensino Médio;INEP - Censo Escolar 2023, SEED-PR Editais 2020-2025, SEED-PR KML, IBGE;2023;True;2024;SIM;JOAO LOYOLA C E CM PROFEF M P
41130170;JOAO PAULO I C E PAPA EF M PROFIS;Curitiba;4106902;PR;CURITIBA CURITIBA JOAO;;;;-25.4195;-49.2646;CENTROIDE_MUNICIPIO;Estadual;Pública Estadual;Urbana;EM_ATIVIDADE;Anos Finais (6º-9º), Ensino Médio;INEP - Censo Escolar 2023, SEED-PR Editais 2020-2025, SEED-PR KML, IBGE;2023;True;2024;SIM;JOAO PAULO I C E CM PAPAEF M P
41130189;JOAO PAULO II C E EF M PROFIS;Curitiba;4106902;PR;CURITIBA CURITIBA JOAO;;;;-25.4195;-49.2646;CENTROIDE_MUNICIPIO;Estadual;Pública Estadual;Urbana;EM_ATIVIDADE;Anos Finais (6º-9º), Ensino Médio;INEP - Censo Escolar 2023, SEED-PR Editais 2020-2025, SEED-PR KML, IBGE;2023;True;2026;FUTURO_2026;JOAO PAULO II C EEF M PROFIS
41130200;JOAO WISLINSKI C E PE EF M N;Curitiba;4106902;PR;CURITIBA CURITIBA;;;;-25.3655379;-49.2328508;EXATA_KML;Estadual;Pública Estadual;Urbana;EM_ATIVIDADE;Anos Finais (6º-9º), Ensino Médio;INEP - Censo Escolar 2023, SEED-PR Editais 2020-2025, SEED-PR KML, IBGE;2023;True;2024;SIM;JOAO WISLINSKI C E CM PEEF M N P
41130243;JOSE BUSNARDO C E EF M;Curitiba;4106902;PR;CURITIBA CURITIBA;;;;-25.4195;-49.2646;CENTROIDE_MUNICIPIO;Estadual;Pública Estadual;Urbana;EM_ATIVIDADE;Anos Finais (6º-9º), Ensino Médio;INEP - Censo Escolar 2023, SEED-PR Editais 2020-2025, SEED-PR KML, IBGE;2023;True;2026;FUTURO_2026;JOSE BUSNARDO C E EF M
41130308;JOSE GUIMARAES C E PROF EM PROFIS;Curitiba;4106902;PR;CURITIBA CURITIBA;;;;-25.4195;-49.2646;CENTROIDE_MUNICIPIO;Estadual;Pública Estadual;Urbana;EM_ATIVIDADE;Ensino Médio;INEP - Censo Escolar 2023, SEED-PR Editais 2020-2025, SEED-PR KML, IBGE;2023;True;INDETERMINADO;INDETERMINADO;JOSE GUIMARAES C E PROFEM PROFIS
41130359;JULIO MESQUITA C E PROF EF M PROFIS;Curitiba;4106902;PR;CURITIBA CURITIBA;;;;-25.4563546;-49.228759;EXATA_KML;Estadual;Pública Estadual;Urbana;EM_ATIVIDADE;Anos Finais (6º-9º), Ensino Médio;INEP - Censo Escolar 2023, SEED-PR Editais 2020-2025, SEED-PR KML, IBGE;2023;True;2024;SIM;JULIO MESQUITA C E CM PROFEF M PROFIS
41130421;LAMENHA LINS C E PRES EF M PROFIS;Curitiba;4106902;PR;CURITIBA CURITIBA;;;;-25.4547543;-49.2681076;EXATA_KML;Estadual;Pública Estadual;Urbana;EM_ATIVIDADE;Anos Finais (6º-9º), Ensino Médio;INEP - Censo Escolar 2023, SEED-PR Editais 2020-2025, SEED-PR KML, IBGE;2023;True;2024;SIM;LAMENHA LINS C E CM PRESEF M P
41130618;LOUREIRO FERNANDES C E PROF EF M PROFIS;Curitiba;4106902;PR;CURITIBA CURITIBA;;;;-25.4195;-49.2646;CENTROIDE_MUNICIPIO;Estadual;Pública Estadual;Urbana;EM_ATIVIDADE;Anos Finais (6º-9º), Ensino Médio;INEP - Censo Escolar 2023, SEED-PR Editais 2020-2025, SEED-PR KML, IBGE;2023;True;INDETERMINADO;INDETERMINADO;LOUREIRO FERNANDES C E PROFEF M PROFIS
41130685;LUIZA ROSS C E PROFA EF M PROFIS;Curitiba;4106902;PR;CURITIBA CURITIBA;;;;-25.5156454;-49.2247274;EXATA_KML;Estadual;Pública Estadual;Urbana;EM_ATIVIDADE;Anos Finais (6º-9º), Ensino Médio;INEP - Censo Escolar 2023, SEED-PR Editais 2020-2025, SEED-PR KML, IBGE;2023;True;2024;SIM;LUIZA ROSS C E CM PROFAEF M P
41130723;LYSIMACO F COSTA C E PROF EF M;Curitiba;4106902;PR;CURITIBA CURITIBA;;;;-25.4195;-49.2646;CENTROIDE_MUNICIPIO;Estadual;Pública Estadual;Urbana;EM_ATIVIDADE;Anos Finais (6º-9º), Ensino Médio;INEP - Censo Escolar 2023, SEED-PR Editais 2020-2025, SEED-PR KML, IBGE;2023;True;INDETERMINADO;INDETERMINADO;LYSIMACO F COSTA C E PROFEF M P
41130936;MARIA MONTESSORI C E EF M;Curitiba;4106902;PR;CURITIBA CURITIBA;;;;-25.4195;-49.2646;CENTROIDE_MUNICIPIO;Estadual;Pública Estadual;Urbana;EM_ATIVIDADE;Anos Finais (6º-9º), Ensino Médio;INEP - Censo Escolar 2023, SEED-PR Editais 2020-2025, SEED-PR KML, IBGE;2023;True;INDETERMINADO;INDETERMINADO;MARIA MONTESSORI C EEF M
41130952;MARIA P MARTINS E E EF;Curitiba;4106902;PR;CURITIBA CURITIBA MARIA;;;;-25.4195;-49.2646;CENTROIDE_MUNICIPIO;Estadual;Pública Estadual;Urbana;EM_ATIVIDADE;Anos Finais (6º-9º);INEP - Censo Escolar 2023, SEED-PR Editais 2020-2025, SEED-PR KML, IBGE;2023;True;2026;FUTURO_2026;MARIA P MARTINS E EEF
41131223;MILTON CARNEIRO C E EF M PROFIS;Curitiba;4106902;PR;CURITIBA CURITIBA;;;;-25.5369995;-49.2381832;EXATA_KML;Estadual;Pública Estadual;Urbana;EM_ATIVIDADE;Anos Finais (6º-9º), Ensino Médio;INEP - Censo Escolar 2023, SEED-PR Editais 2020-2025, SEED-PR KML, IBGE;2023;True;2024;SIM;MILTON CARNEIRO C E CMEF M P
41131479;NATALIA REGINATO C E EF M PROFIS;Curitiba;4106902;PR;CURITIBA CURITIBA;;;;-25.4195;-49.2646;CENTROIDE_MUNICIPIO;Estadual;Pública Estadual;Urbana;EM_ATIVIDADE;Anos Finais (6º-9º), Ensino Médio;INEP - Censo Escolar 2023, SEED-PR Editais 2020-2025, SEED-PR KML, IBGE;2023;True;INDETERMINADO;INDETERMINADO;NATALIA REGINATO C EEF M PROFIS
41132475;PINHEIRO DO PARANA C E EF M PROFIS;Curitiba;4106902;PR;CURITIBA CURITIBA;;;;-25.3863558;-49.3331074;EXATA_KML;Estadual;Pública Estadual;Urbana;EM_ATIVIDADE;Anos Finais (6º-9º), Ensino Médio;INEP - Censo Escolar 2023, SEED-PR Editais 2020-2025, SEED-PR KML, IBGE;2023;True;2024;SIM;PINHEIRO DO PARANA C E CMEF M P
41132718;PROTASIO DE CARVALHO C E EF M PROFIS;Curitiba;4106902;PR;CURITIBA CURITIBA;;;;-25.4195;-49.2646;CENTROIDE_MUNICIPIO;Estadual;Pública Estadual;Urbana;EM_ATIVIDADE;Anos Finais (6º-9º), Ensino Médio;INEP - Censo Escolar 2023, SEED-PR Editais 2020-2025, SEED-PR KML, IBGE;2023;True;INDETERMINADO;INDETERMINADO;PROTASIO DE CARVALHO C EEF M PROFIS
41132955;ROBERTO LANGER JUNIOR C E EF M PROFIS;Curitiba;4106902;PR;CURITIBA CURITIBA ROBERTO;;;;-25.4195;-49.2646;CENTROIDE_MUNICIPIO;Estadual;Pública Estadual;Urbana;EM_ATIVIDADE;Anos Finais (6º-9º), Ensino Médio;INEP - Censo Escolar 2023, SEED-PR Editais 2020-2025, SEED-PR KML, IBGE;2023;True;INDETERMINADO;INDETERMINADO;ROBERTO LANGER JUNIOR C EEF M PROFIS
41133137;SANTA FELICIDADE C E EF M PROFIS;Curitiba;4106902;PR;CURITIBA CURITIBA;;;;-25.406427;-49.3390489;EXATA_KML;Estadual;Pública Estadual;Urbana;EM_ATIVIDADE;Anos Finais (6º-9º), Ensino Médio;INEP - Censo Escolar 2023, SEED-PR Editais 2020-2025, SEED-PR KML, IBGE;2023;True;2024;SIM;SANTA FELICIDADE C E CMEF M P
41133200;SANTO ANTONIO E E EF;Curitiba;4106902;PR;CURITIBA CURITIBA;;;;-25.4337595;-49.3549698;EXATA_KML;Estadual;Pública Estadual;Urbana;EM_ATIVIDADE;Anos Finais (6º-9º), Ensino Médio;INEP - Censo Escolar 2023, SEED-PR Editais 2020-2025, SEED-PR KML, IBGE;2023;True;2024;SIM;SANTO ANTONIO C E CMEF M
41133226;SANTOS DUMONT C E EF M;Curitiba;4106902;PR;CURITIBA CURITIBA;;;;-25.4195;-49.2646;CENTROIDE_MUNICIPIO;Estadual;Pública Estadual;Urbana;EM_ATIVIDADE;Anos Finais (6º-9º), Ensino Médio;INEP - Censo Escolar 2023, SEED-PR Editais 2020-2025, SEED-PR KML, IBGE;2023;True;INDETERMINADO;INDETERMINADO;SANTOS DUMONT C EEF M
41133358;SAO PAULO APOSTOLO C E EF M PROFIS;Curitiba;4106902;PR;CURITIBA CURITIBA SAO;;;;-25.4195;-49.2646;CENTROIDE_MUNICIPIO;Estadual;Pública Estadual;Urbana;EM_ATIVIDADE;Anos Finais (6º-9º), Ensino Médio;INEP - Censo Escolar 2023, SEED-PR Editais 2020-2025, SEED-PR KML, IBGE;2023;True;INDETERMINADO;INDETERMINADO;SAO PAULO APOSTOLO C EEF M PROFIS
41134419;XAVIER DA SILVA C E DR EF M PROFIS;Curitiba;4106902;PR;CURITIBA CURITIBA;;;;-25.4195;-49.2646;CENTROIDE_MUNICIPIO;Estadual;Pública Estadual;Urbana;EM_ATIVIDADE;Anos Finais (6º-9º), Ensino Médio;INEP - Censo Escolar 2023, SEED-PR Editais 2020-2025, SEED-PR KML, IBGE;2023;True;INDETERMINADO;INDETERMINADO;XAVIER DA SILVA C E DREF M PROFIS
41134516;DECIO DOSSI C E DR EF M;Fazenda Rio Grande;4107652;PR;AREA METROP.SUL FAZ RIO;;;;-25.6624;-49.3073;CENTROIDE_MUNICIPIO;Estadual;Pública Estadual;Urbana;EM_ATIVIDADE;Anos Finais (6º-9º), Ensino Médio;INEP - Censo Escolar 2023, SEED-PR Editais 2020-2025, SEED-PR KML, IBGE;2023;True;INDETERMINADO;INDETERMINADO;DECIO DOSSI C E DREF M PROFIS
41135784;LEOCADIA B RAMOS C E EF M PROFIS N;Pinhais;4119152;PR;AREA METROP.NORTE PINHAIS;;;;-25.4429;-49.1927;CENTROIDE_MUNICIPIO;Estadual;Pública Estadual;Urbana;EM_ATIVIDADE;Anos Finais (6º-9º), Ensino Médio;INEP - Censo Escolar 2023, SEED-PR Editais 2020-2025, SEED-PR KML, IBGE;2023;True;INDETERMINADO;INDETERMINADO;LEOCADIA B RAMOS C EEF M PROFIS
41136276;VILA MACEDO C E EF M PROFIS;Piraquara;4119509;PR;AMN PIRAQUARA;;;;-25.4422;-49.0624;CENTROIDE_MUNICIPIO;Estadual;Pública Estadual;Urbana;EM_ATIVIDADE;Anos Finais (6º-9º), Ensino Médio;INEP - Censo Escolar 2023, SEED-PR Editais 2020-2025, SEED-PR KML, IBGE;2023;True;2024;SIM;VILA MACEDO C E CMEF M
41137361;ARNALDO JANSEN C E PE EF M PROF;São José dos Pinhais;4125506;PR;AREA METROP.SUL S JOSE;;;;-25.538982;-49.2082133;EXATA_KML;Estadual;Pública Estadual;Urbana;EM_ATIVIDADE;Anos Finais (6º-9º), Ensino Médio;INEP - Censo Escolar 2023, SEED-PR Editais 2020-2025, SEED-PR KML, IBGE;2023;True;2024;SIM;ARNALDO JANSEN C E CM PEEF M PROFIS
41137698;MARIA VIDAL NOVAES E E EF;São José dos Pinhais;4125506;PR;AREA METROP.SUL S JOSE;;;;-25.5313;-49.2031;CENTROIDE_MUNICIPIO;Estadual;Pública Estadual;Urbana;EM_ATIVIDADE;Anos Finais (6º-9º);INEP - Censo Escolar 2023, SEED-PR Editais 2020-2025, SEED-PR KML, IBGE;2023;True;INDETERMINADO;INDETERMINADO;MARIA VIDAL NOVAES E EEF
41137809;GODOFREDO MACHADO E E EF;São José dos Pinhais;4125506;PR;AREA METROP.SUL S JOSE;;;;-25.5313;-49.2031;CENTROIDE_MUNICIPIO;Estadual;Pública Estadual;Urbana;EM_ATIVIDADE;Anos Finais (6º-9º);INEP - Censo Escolar 2023, SEED-PR Editais 2020-2025, SEED-PR KML, IBGE;2023;True;INDETERMINADO;INDETERMINADO;GODOFREDO MACHADO E EEF
41138422;SILVEIRA DA MOTTA C E EF M PROFIS;São José dos Pinhais;4125506;PR;AREA METROP.SUL S JOSE;;;;-25.5313;-49.2031;CENTROIDE_MUNICIPIO;Estadual;Pública Estadual;Urbana;EM_ATIVIDADE;Anos Finais (6º-9º), Ensino Médio;INEP - Censo Escolar 2023, SEED-PR Editais 2020-2025, SEED-PR KML, IBGE;2023;True;INDETERMINADO;INDETERMINADO;SILVEIRA DA MOTTA C EEF M PROFIS
41138937;ROCHA POMBO C E EF M;Antonina;4101200;PR;PARANAGUÁ  ANTONINA;;;;-25.4386;-48.7191;CENTROIDE_MUNICIPIO;Estadual;Pública Estadual;Urbana;EM_ATIVIDADE;Anos Finais (6º-9º), Ensino Médio;INEP - Censo Escolar 2023, SEED-PR Editais 2020-2025, SEED-PR KML, IBGE;2023;True;INDETERMINADO;INDETERMINADO;ROCHA POMBO C EEF M P
41140052;SERTAOZINHO C E E F M N PROFIS;Matinhos;4115705;PR;PARANAGUA;;;;-25.8110782;-48.5434786;EXATA_KML;Estadual;Pública Estadual;Urbana;EM_ATIVIDADE;Anos Finais (6º-9º), Ensino Médio;INEP - Censo Escolar 2023, SEED-PR Editais 2020-2025, SEED-PR KML, IBGE;2023;True;2024;SIM;SERTAOZINHO C E CMEF M N PROFIS
41140788;JOSE BONIFACIO C E EF M PROFIS;Paranaguá;4118204;PR;PARANAGUÁ PARANAGUÁ;;;;-25.5161;-48.5225;CENTROIDE_MUNICIPIO;Estadual;Pública Estadual;Urbana;EM_ATIVIDADE;Anos Finais (6º-9º), Ensino Médio;INEP - Censo Escolar 2023, SEED-PR Editais 2020-2025, SEED-PR KML, IBGE;2023;True;2026;FUTURO_2026;JOSE BONIFACIO C EEF M PROFIS
41141121;REGINA M B DE MELLO C E PROFA EF M;Paranaguá;4118204;PR;PARANAGUA PARANAGUA;;;;-25.5161;-48.5225;CENTROIDE_MUNICIPIO;Estadual;Pública Estadual;Urbana;EM_ATIVIDADE;Anos Finais (6º-9º);INEP - Censo Escolar 2023, SEED-PR Editais 2020-2025, SEED-PR KML, IBGE;2023;True;INDETERMINADO;INDETERMINADO;REGINA M B DE MELLO C E PROFAEF M
41141156;ROQUE VERNALHA E E DR EF;Paranaguá;4118204;PR;PARANAGUÁ PARANAGUA;;;;-25.5161;-48.5225;CENTROIDE_MUNICIPIO;Estadual;Pública Estadual;Urbana;EM_ATIVIDADE;Anos Finais (6º-9º);INEP - Censo Escolar 2023, SEED-PR Editais 2020-2025, SEED-PR KML, IBGE;2023;True;INDETERMINADO;INDETERMINADO;ROQUE VERNALHA E E DREF
41141288;ZILAH DOS S BATISTA C E PROFA EF M P;Paranaguá;4118204;PR;PARANAGUÁ  PARANAGUÁ;;;;-25.5161;-48.5225;CENTROIDE_MUNICIPIO;Estadual;Pública Estadual;Urbana;EM_ATIVIDADE;Anos Finais (6º-9º), Ensino Médio;INEP - Censo Escolar 2023, SEED-PR Editais 2020-2025, SEED-PR KML, IBGE;2023;True;2026;FUTURO_2026;ZILAH DOS S BATISTA C E PROFAEF M P
41144201;MARIA DE J P GUIMARAES C E C PROFA EF M;Guarapuava;4109401;PR;GUARAPUAVA GUARAPUAVA;;;;-25.3902;-51.4623;CENTROIDE_MUNICIPIO;Estadual;Pública Estadual;Rural;EM_ATIVIDADE;Anos Finais (6º-9º), Ensino Médio;INEP - Censo Escolar 2023, SEED-PR Editais 2020-2025, SEED-PR KML, IBGE;2023;True;2026;FUTURO_2026;MARIA DE J P GUIMARAES C E C PROFAEF M
41144929;JOSE MARCONDES SOBRINHO C E EF M;Laranjeiras do Sul;4113304;PR;LARANJEIRAS DO SUL;;;;-25.4077;-52.4109;CENTROIDE_MUNICIPIO;Estadual;Pública Estadual;Urbana;EM_ATIVIDADE;Anos Finais (6º-9º), Ensino Médio;INEP - Censo Escolar 2023, SEED-PR Editais 2020-2025, SEED-PR KML, IBGE;2023;True;INDETERMINADO;INDETERMINADO;JOSE MARCONDES SOBRINHO C EEF M
41146093;ANTONIO VIEIRA C E C M PE EF M;São José dos Pinhais;4125506;PR;CAMPO MOURÃO  ENGENHEIRO;;;;-25.5130952;-49.1836573;EXATA_KML;Estadual;Pública Estadual;Urbana;EM_ATIVIDADE;Anos Finais (6º-9º), Ensino Médio;INEP - Censo Escolar 2023, SEED-PR Editais 2020-2025, SEED-PR KML, IBGE;2023;True;INDETERMINADO;INDETERMINADO;ANTONIO VIEIRA C E CM PEEF M
41148550;SANTA RITA E E EF;Foz do Iguaçu;4108304;PR;FOZ DO IGUACU FOZ DO;;;;-25.4857603;-54.523504;EXATA_KML;Estadual;Pública Estadual;Urbana;EM_ATIVIDADE;Anos Finais (6º-9º);INEP - Censo Escolar 2023, SEED-PR Editais 2020-2025, SEED-PR KML, IBGE;2023;True;2024;SIM;SANTA RITA E E CMEF
41150902;PLANTA DEODORO C E EF M;Piraquara;4119509;PR;AREA METROP.NORTE;;;;-25.4231323;-49.0499961;EXATA_KML;Estadual;Pública Estadual;Urbana;EM_ATIVIDADE;Anos Finais (6º-9º), Ensino Médio;INEP - Censo Escolar 2023, SEED-PR Editais 2020-2025, SEED-PR KML, IBGE;2023;True;2024;SIM;PLANTA DEODORO C E CM EF M
41158806;ROCHA POMBO C E EF M;Araucária;4101804;PR;AREA METROP.SUL ARAUCARIA;;;;-25.5541766;-49.3848557;EXATA_KML;Estadual;Pública Estadual;Urbana;EM_ATIVIDADE;Anos Finais (6º-9º), Ensino Médio;INEP - Censo Escolar 2023, SEED-PR Editais 2020-2025, SEED-PR KML, IBGE;2023;True;2024;SIM;ROCHA POMBO C E CMEF M
41164920;IRONDI MANTOVANI PUGLIESI C E EF M;Arapongas;4101507;PR;APUCARANA ARAPONGAS;;;;-23.4545218;-51.4311545;EXATA_KML;Estadual;Pública Estadual;Urbana;EM_ATIVIDADE;Anos Finais (6º-9º), Ensino Médio;INEP - Censo Escolar 2023, SEED-PR Editais 2020-2025, SEED-PR KML, IBGE;2023;True;2024;SIM;IRONDI MANTOVANI PUGLIESI C E CMEF M
41167090;ANDREIA NERES DOS SANTOS C E PROFAEFM;Cascavel;4104808;PR;CASCAVEL CASCAVEL ANDREIA;;;;-24.9573;-53.459;CENTROIDE_MUNICIPIO;Estadual;Pública Estadual;Urbana;CRIADA_SEM_TURMAS_HISTORICAS;Anos Finais (6º-9º), Ensino Médio;SEED-PR Edital 125/2025 e 136/2025, IBGE;2025;True;2026;FUTURO_2026;ANDREIA NERES DOS SANTOS C E PROFAEFM
41354273;EDISON PIETROBELLI C E PROF EF M;Ponta Grossa;4119905;PR;PONTA GROSSA PONTA GROSSA;;;;-25.093019;-50.2032149;EXATA_KML;Estadual;Pública Estadual;Urbana;EM_ATIVIDADE;Anos Finais (6º-9º);INEP - Censo Escolar 2023, SEED-PR Editais 2020-2025, SEED-PR KML, IBGE;2023;True;2024;SIM;EDISON PIETROBELLI E E CM PROFEF
41355156;THIAGO TERRA C E EF M PROF;Londrina;4113700;PR;LONDRINA LONDRINA;;;;-23.382852;-51.1260772;EXATA_KML;Estadual;Pública Estadual;Urbana;EM_ATIVIDADE;Anos Finais (6º-9º), Ensino Médio;INEP - Censo Escolar 2023, SEED-PR Editais 2020-2025, SEED-PR KML, IBGE;2023;True;2024;SIM;THIAGO TERRA C E CMEF M PROF
41356136;RINA M DE J FRANCOVIG C E PROFA EF M;Londrina;4113700;PR;LONDRINA LONDRINA RINA M;;;;-23.304;-51.1691;CENTROIDE_MUNICIPIO;Estadual;Pública Estadual;Urbana;EM_ATIVIDADE;Anos Finais (6º-9º), Ensino Médio;INEP - Censo Escolar 2023, SEED-PR Editais 2020-2025, SEED-PR KML, IBGE;2023;True;INDETERMINADO;INDETERMINADO;RINA M DE J FRANCOVIG C E PROFAEF M
41357027;TEOBALDO L KLETEMBERG C E PR EF M P;Curitiba;4106902;PR;CURITIBA CURITIBA;;;;-25.4195;-49.2646;CENTROIDE_MUNICIPIO;Estadual;Pública Estadual;Urbana;EM_ATIVIDADE;Anos Finais (6º-9º), Ensino Médio;INEP - Censo Escolar 2023, SEED-PR Editais 2020-2025, SEED-PR KML, IBGE;2023;True;INDETERMINADO;INDETERMINADO;TEOBALDO L KLETEMBERG C E PREF M P
41358872;JOAO RODRIGUES DA SILVA C E PROF EF M;Londrina;4113700;PR;LONDRINA LONDRINA JOAO;;;;-23.3153819;-51.1232388;EXATA_KML;Estadual;Pública Estadual;Urbana;EM_ATIVIDADE;Anos Finais (6º-9º);INEP - Censo Escolar 2023, SEED-PR Editais 2020-2025, SEED-PR KML, IBGE;2023;True;2024;SIM;JOAO R DA SILVA E E CM PROFEF
41360567;WALDE ROSI GALVAO C E EF M;Pinhais;4119152;PR;AREA METROP.NORTE PINHAIS;;;;-25.4429;-49.1927;CENTROIDE_MUNICIPIO;Estadual;Pública Estadual;Urbana;EM_ATIVIDADE;Anos Finais (6º-9º), Ensino Médio;INEP - Censo Escolar 2023, SEED-PR Editais 2020-2025, SEED-PR KML, IBGE;2023;True;INDETERMINADO;INDETERMINADO;WALDE ROSI GALVAO C EEF M
41366620;VIDAL VANHONI C E PROF EF M;Paranaguá;4118204;PR;PARANAGUA PARANAGUA;;;;-25.5161;-48.5225;CENTROIDE_MUNICIPIO;Estadual;Pública Estadual;Urbana;EM_ATIVIDADE;Anos Finais (6º-9º);INEP - Censo Escolar 2023, SEED-PR Editais 2020-2025, SEED-PR KML, IBGE;2023;True;2026;FUTURO_2026;VIDAL VANHONI C E PROFEF M
41370597;PILAR MATURANA C E EF M P;Curitiba;4106902;PR;CURITIBA CURITIBA;;;;-25.4195;-49.2646;CENTROIDE_MUNICIPIO;Estadual;Pública Estadual;Urbana;EM_ATIVIDADE;Anos Finais (6º-9º), Ensino Médio;INEP - Censo Escolar 2023, SEED-PR Editais 2020-2025, SEED-PR KML, IBGE;2023;True;INDETERMINADO;INDETERMINADO;PILAR MATURANA C EEF M P
41373375;MARIA HELENA T LUCIANO C E PROF EF M P;Pontal do Paraná;4119954;PR;PARANAGUÁ PONTAL DO;;;;-25.6735;-48.5111;CENTROIDE_MUNICIPIO;Estadual;Pública Estadual;Urbana;EM_ATIVIDADE;Anos Finais (6º-9º), Ensino Médio;INEP - Censo Escolar 2023, SEED-PR Editais 2020-2025, SEED-PR KML, IBGE;2023;True;2026;FUTURO_2026;MARIA HELENA T LUCIANO C E PROFEF MNP
41373456;OSCAR J D P E SILVA C E EF M;Pinhais;4119152;PR;AREA METROP.NORTE PINHAIS;;;;-25.4571787;-49.1854863;EXATA_KML;Estadual;Pública Estadual;Urbana;EM_ATIVIDADE;Anos Finais (6º-9º);INEP - Censo Escolar 2023, SEED-PR Editais 2020-2025, SEED-PR KML, IBGE;2023;True;2024;SIM;OSCAR J D P E SILVA C E CM EF M
41373936;ANIBAL KHURY E E DEP EF;Guaratuba;4109609;PR;PARANAGUÁ;;;;-25.8817;-48.5752;CENTROIDE_MUNICIPIO;Estadual;Pública Estadual;Urbana;EM_ATIVIDADE;Anos Finais (6º-9º);INEP - Censo Escolar 2023, SEED-PR Editais 2020-2025, SEED-PR KML, IBGE;2023;True;INDETERMINADO;INDETERMINADO;ANIBAL KHURY C E DEPE F M P
41378580;CATARATAS DO IGUACU C E EF M PROFIS;Foz do Iguaçu;4108304;PR;FOZ DO IGUACU FOZ DO;;;;-25.5427;-54.5827;CENTROIDE_MUNICIPIO;Estadual;Pública Estadual;Urbana;EM_ATIVIDADE;Anos Finais (6º-9º), Ensino Médio;INEP - Censo Escolar 2023, SEED-PR Editais 2020-2025, SEED-PR KML, IBGE;2023;True;INDETERMINADO;INDETERMINADO;CATARATAS DO IGUACU C EEF M PROFIS
41378962;ANA DIVANIR BORATTO C E EFM;Ponta Grossa;4119905;PR;PONTA GROSSA PONTA GROSSA;;;;-25.0916;-50.1668;CENTROIDE_MUNICIPIO;Estadual;Pública Estadual;Urbana;EM_ATIVIDADE;Anos Finais (6º-9º), Ensino Médio;INEP - Censo Escolar 2023, SEED-PR Editais 2020-2025, SEED-PR KML, IBGE;2023;True;INDETERMINADO;INDETERMINADO;ANA DIVANIR BORATTO C EEFM
41387724;DANIEL ROCHA C E PROF EF M PROFIS;Pinhais;4119152;PR;AREA METROP.NORTE PINHAIS;;;;-25.4429;-49.1927;CENTROIDE_MUNICIPIO;Estadual;Pública Estadual;Urbana;EM_ATIVIDADE;Anos Finais (6º-9º), Ensino Médio;INEP - Censo Escolar 2023, SEED-PR Editais 2020-2025, SEED-PR KML, IBGE;2023;True;INDETERMINADO;INDETERMINADO;DANIEL ROCHA C E PROFEF M PROFIS
41531876;GUIDO ARZUA C E PROF EF M PROFIS;Curitiba;4106902;PR;CURITIBA CURITIBA;;;;-25.5504253;-49.2686962;EXATA_KML;Estadual;Pública Estadual;Urbana;EM_ATIVIDADE;Anos Finais (6º-9º), Ensino Médio;INEP - Censo Escolar 2023, SEED-PR Editais 2020-2025, SEED-PR KML, IBGE;2023;True;2024;SIM;GUIDO ARZUA C E CMEF M P
41597915;PATRIMONIO REGINA C E DO EF M;Londrina;4113700;PR;LONDRINA LONDRINA;;;;-23.4104282;-51.2228984;EXATA_KML;Estadual;Pública Estadual;Rural;EM_ATIVIDADE;Anos Finais (6º-9º), Ensino Médio;INEP - Censo Escolar 2023, SEED-PR Editais 2020-2025, SEED-PR KML, IBGE;2023;True;2024;SIM;PATRIMONIO REGINA C E CM DOEF M
