NOME_PLANILHA_CIVICO_MILITAR;ID_ESCOLA;NO_ESCOLA_INEP;NO_MUNICIPIO;REDE;SG_UF;SCORE_SIMILARIDADE;STATUS_CRUZAMENTO
Colegio Estadual Cívico Militar Prefeito Carlos Massaretto;41025482;CARLOS MASSARETTO C E CM PREFEF M P;Apucarana;Estadual;PR;0.958;Cruzado com Sucesso
Alberto Santos Dumont, C E-Ef M Profis;41025318;ALBERTO SANTOS DUMONT C E CMEF M P;Apucarana;Estadual;PR;1.262;Cruzado com Sucesso
Colégio Estadual Cívico Militar Heitor C. A. Furtado;41025652;HEITOR C A FURTADO C E CMEF M PROFIS;Apucarana;Estadual;PR;1.175;Cruzado com Sucesso
Jose Canale, C E Cívico-Militar Pe-Ef M e Profissional;41025717;JOSE CANALE C E CM PEEF M PROFIS;Apucarana;Estadual;PR;0.923;Cruzado com Sucesso
Colégio Estadual Cívico Militar Marquês de Caravelas;41046617;GENEROSO MARQUES C E CM DREF M;Cambará;Estadual;PR;0.762;Cruzado com Sucesso
Francisco F Bastos, C E-Ef M;41026632;FRANCISCO F BASTOS C E CMEF M PROFIS;Arapongas;Estadual;PR;1.175;Cruzado com Sucesso
Walfredo S Correa, C E-Ef M;41027086;WALFREDO S CORREA C E CMEF M PROFIS;Arapongas;Estadual;PR;1.175;Cruzado com Sucesso
Jose De Anchieta, C E Pe-Ef M Profis;41025806;JOSE DE ANCHIETA C E CM PEEF M PROFIS;Apucarana;Estadual;PR;1.175;Cruzado com Sucesso
OSMAR GUARACY FREIRE, C E-EF M P;41026055;OSMAR GUARACY FREIRE C E CMEF M P;Apucarana;Estadual;PR;1.262;Cruzado com Sucesso
Colégio Estadual Polivalente Carlos Domingos Silva;41026152;POLIVALENTE C D SILVA C E CMEF M P;Apucarana;Estadual;PR;0.815;Cruzado com Sucesso
Colégio Estadual Irondi Mantovani Pugliesi;41164920;IRONDI MANTOVANI PUGLIESI C E CMEF M;Arapongas;Estadual;PR;1.262;Cruzado com Sucesso
Colégio Estadual Rosa Delúcia Calsavara;41027370;ROSA D CALSAVARA C E CMEF M PROFIS;Cambira;Estadual;PR;0.923;Cruzado com Sucesso
Colégio Estadual Cívico Militar Olavo Bilac;41014375;OLAVO BILAC C E CMEF M;Ubiratã;Estadual;PR;1.233;Cruzado com Sucesso
Colégio Estadual Cívico Militar Jandaia do Sul;41027558;JANDAIA DO SUL C E CMEF M;Jandaia do Sul;Estadual;PR;1.233;Cruzado com Sucesso
Colégio Estadual Tadashi Enomoto;41026284;TADASHI ENOMOTO C E CMEF M;Apucarana;Estadual;PR;1.233;Cruzado com Sucesso
C.E. Cívico-Militar Professora Jaci Real Prado de Oliveira;41122925;JACI REAL P OLIVEIRA C E CM PROFAEFMP;Almirante Tamandaré;Estadual;PR;1.048;Cruzado com Sucesso
Emilia Buzato, C E-Ef M;41122836;EMILIA BUZATO C E CM EF M PROFIS;Campo Magro;Estadual;PR;1.35;Cruzado com Sucesso
Escola Estadual Prof Rosa Frederica Johnson;41123212;ROSA F JOHNSON E E CM PROFA EF;Almirante Tamandaré;Estadual;PR;1.017;Cruzado com Sucesso
Colégio Estadual Professor Alberto Krause;41122801;ALBERTO KRAUSE C E CM PROFEF M P;Almirante Tamandaré;Estadual;PR;1.233;Cruzado com Sucesso
Ivan F Do Amaral Filho, C E-Ef M;41124669;IVAN F DO AMARAL FILHO C E CM EF M P;Campina Grande do Sul;Estadual;PR;1.35;Cruzado com Sucesso
Colégio Estadual Cívico-Militar Oscar Joseph D'Plácido e Silva;41373456;OSCAR J D P E SILVA C E CM EF M;Pinhais;Estadual;PR;0.85;Cruzado com Sucesso
Planta Deodoro, E E-Ef;41150902;PLANTA DEODORO C E CM EF M;Piraquara;Estadual;PR;1.35;Cruzado com Sucesso
Maria Lopes De Paula, C E Profa-Ef M;41123360;MARIA L DE PAULA C E CM PROFAEF M P;Almirante Tamandaré;Estadual;PR;0.958;Cruzado com Sucesso
Colégio Estadual Cívico-Militar Alfredo Chaves;41125673;ALFREDO CHAVES C E CMEF M;Colombo;Estadual;PR;1.233;Cruzado com Sucesso
Joao Bosco, C E D-Ef M;41126106;JOAO BOSCO C E CM DEF M;Colombo;Estadual;PR;1.233;Cruzado com Sucesso
Rui Barbosa, C E C-M - EFM;41093607;RUI BARBOSA C E CMEF M;Pato Branco;Estadual;PR;1.233;Cruzado com Sucesso
Vinicius De Moraes, C E-Ef M;41024869;VINICIUS DE MORAES C E CMEF M;Maringá;Estadual;PR;1.233;Cruzado com Sucesso
Colégio Estadual Cívico Militar Vereador Luiz Maltaca;41134931;LUIZ MALTACA C E CM VEREF M PROFIS;Itaperuçu;Estadual;PR;0.923;Cruzado com Sucesso
Colégio Estadual Semiramis de Barros Braga;41135911;SEMIRAMIS DE B BRAGA C E CMEF M PROFI;Pinhais;Estadual;PR;0.923;Cruzado com Sucesso
Colégio Estadual Elias Abrahao C E E Fund Medio;41352610;ELIAS ABRAHAO C E CMEF M PROFIS;Quatro Barras;Estadual;PR;0.792;Cruzado com Sucesso
Colégio Estadual Manoel Borges de Macedo;41136829;MANOEL BDE MACEDO C E CM PROFEF M P;Rio Branco do Sul;Estadual;PR;0.923;Cruzado com Sucesso
Dias Da Rocha do FATO;41123506;DIAS DA ROCHA C E CMEF M P;Araucária;Estadual;PR;0.958;Cruzado com Sucesso
Colégio Cívico Militar Prof. Anderson Rangel E. F. M.;41148703;ANDERSON RANGEL C E CM PROFEF M;Fazenda Rio Grande;Estadual;PR;0.958;Cruzado com Sucesso
Colégio Estadual Cívico-Militar- Prof. João Hoinatz De Andrade;41601904;JOAO HOINATZ ANDRADE C E CM PROFEF M;Fazenda Rio Grande;Estadual;PR;1.262;Cruzado com Sucesso
Colégio Estadual General Carneiro;41121600;CARNEIRO C E CM GALEF M;Lapa;Estadual;PR;1.175;Cruzado com Sucesso
Colégio Estadual Cívico Militar Manoel Antônio Da Cunha;41121945;MANOEL A DA CUNHA C E CMEF M;Lapa;Estadual;PR;0.958;Cruzado com Sucesso
Mireille Maria F Z Machado, E E Prof-Ef;41152905;MIREILLE M F Z MACHADO E E CM PREF;Mandirituba;Estadual;PR;0.958;Cruzado com Sucesso
Colégio Estadual Cívico-Militar Eleutério Fernandes de Andrade;41142063;ELEUTERIO F DE ANDRADE C E CMEF M P;Quitandinha;Estadual;PR;0.958;Cruzado com Sucesso
Colégio Estadual Presidente Caetano Munhoz Rocha;41049578;CAETANO MUNHOZ DA ROCHA C E CEF M;Ibaiti;Estadual;PR;1.062;Cruzado com Sucesso
Ovande Do Amaral, C E Dr-Ef M;41142837;OVANDE DO AMARAL C E CM DREF M;Rio Negro;Estadual;PR;1.233;Cruzado com Sucesso
Chico Mendes, C E-Ef M;41137493;CHICO MENDES C E CMEF M;São José dos Pinhais;Estadual;PR;1.233;Cruzado com Sucesso
Antonio Vieira, C E Pe-Ef M;41146093;ANTONIO VIEIRA C E CM PEEF M;São José dos Pinhais;Estadual;PR;1.233;Cruzado com Sucesso
Colégio Shirley Catarina Tamalu Machado;41389310;SHIRLEY C T MACHADO C E CMEF M PROF;São José dos Pinhais;Estadual;PR;0.727;Cruzado com Sucesso
Colégio Estadual Zilda Arns Neumann;41601890;ZILDA ARNS NEUMANN C E CM DRAEF M P;São José dos Pinhais;Estadual;PR;1.262;Cruzado com Sucesso
Colégio Estadual Rocha Pombo;41158806;ROCHA POMBO C E CMEF M;Araucária;Estadual;PR;1.233;Cruzado com Sucesso
Juventude De Santo Antonio, C E-Ef M;41124014;JUVENTUDE DE SANTO ANTONIO C E CMEF M;Balsa Nova;Estadual;PR;1.262;Cruzado com Sucesso
Colégio Estadual Djalma Marinho;41125053;DJALMA MARINHO C E CMEF M PROFIS;Campo Largo;Estadual;PR;1.175;Cruzado com Sucesso
Joao Xxiii, C E-E F M;41041712;JOAO XXIII C E CMEF M;São Jerônimo da Serra;Estadual;PR;1.233;Cruzado com Sucesso
Macedo Soares, C E-Ef M;41125304;MACEDO SOARES C E CMEF M PROFIS;Campo Largo;Estadual;PR;1.175;Cruzado com Sucesso
Miguel Franco Filho, C E-Ef M;41126670;MIGUEL FRANCO FILHO C E CMEF M PROFIS;Contenda;Estadual;PR;1.21;Cruzado com Sucesso
Colégio Estadual Padre Arnaldo Jansen;41137361;ARNALDO JANSEN C E CM PEEF M PROFIS;São José dos Pinhais;Estadual;PR;1.175;Cruzado com Sucesso
Colégio Estadual Cívico-Militar Guimarães Rosa;41063686;GUIMARAES ROSA C E CMEF M;Assis Chateaubriand;Estadual;PR;1.233;Cruzado com Sucesso
Colégio Estadual Cívico Militar Senador Teotonio Vilela;41064020;TEOTONIO VILELA C E CM SENEF M;Assis Chateaubriand;Estadual;PR;1.233;Cruzado com Sucesso
Escola Estadual Professor Darcy José Costa;41015576;DARCY JOSE COSTA C E CM PROFEF M P;Campo Mourão;Estadual;PR;1.262;Cruzado com Sucesso
Colégio Estadual Dr Osvaldo Cruz-Ensino de 1º e 2º Graus;41015827;OSVALDO CRUZ C E CM DREF M;Campo Mourão;Estadual;PR;0.667;Cruzado com Sucesso
Colégio Estadual Marechal Rondon - Ensino Fundamental, Médio e Cursos Técnicos;41065662;RONDON C E CM MALEF M;Marechal Cândido Rondon;Estadual;PR;0.508;Cruzado com Sucesso
Unidade Polo, C E-Ef M;41015975;UNIDADE POLO C E CMEF M PROFIS;Campo Mourão;Estadual;PR;1.175;Cruzado com Sucesso
Colégio Estadual Cívico Militar Rui Barbosa E E E Fund;41093607;RUI BARBOSA C E CMEF M;Pato Branco;Estadual;PR;0.958;Cruzado com Sucesso
Colégio Estadual Olavo Bilac;41014375;OLAVO BILAC C E CMEF M;Ubiratã;Estadual;PR;1.233;Cruzado com Sucesso
Cataratas, C E-Ef M;41071123;CATARATAS C E CMEF M;Cascavel;Estadual;PR;1.175;Cruzado com Sucesso
Colégio Estadual Brasmadeira;41071298;BRASMADEIRA C E CMEF M PROFIS;Cascavel;Estadual;PR;1.117;Cruzado com Sucesso
Colégio Estadual Julia Wanderley;41071654;JULIA WANDERLEY C E CM PROFEF M;Cascavel;Estadual;PR;1.233;Cruzado com Sucesso
Colégio Estadual Cívico-Militar Olivo Fracaro - Ensino Fundamental e Medio;41071956;OLIVO FRACARO C E CME F M;Cascavel;Estadual;PR;0.527;Cruzado com Sucesso
Santos Dumont, C E-Ef M;41003292;SANTOS DUMONT C E CMEF M;Santa Cruz de Monte Castelo;Estadual;PR;1.233;Cruzado com Sucesso
Colégio Estadual Doutor João Ferreira Neves;41072391;JOAO F NEVES C E CM DREF M;Catanduvas;Estadual;PR;0.958;Cruzado com Sucesso
Colégio Estadual Cívico-Militar Lindoeste-EFM;41074360;LINDOESTE C E CMEF M PROFIS;Lindoeste;Estadual;PR;1.117;Cruzado com Sucesso
Santa Tereza Do Oeste, C E-Ef M;41075129;SANTA TEREZA DO OESTE C E CMEF M P;Santa Tereza do Oeste;Estadual;PR;1.262;Cruzado com Sucesso
Carlos A Camargo, C E-Ef M;41070585;CARLOS A CAMARGO C E CMEF M PROFIS;Capitão Leônidas Marques;Estadual;PR;1.175;Cruzado com Sucesso
Colégio Estadual Marechal Humberto de Alencar Castelo Branco - EFM;41007280;CASTELO BRANCO E E CM PRESEF;Tapira;Estadual;PR;0.815;Cruzado com Sucesso
José Ângelo Baggio Orso, C E-Ef M;41071590;JOSE A B ORSO C E CMEF M PROF;Cascavel;Estadual;PR;0.815;Cruzado com Sucesso
Colégio Estadual Bairro 14 de Novembro;41071018;XIV DE NOVEMBRO C E CMEF M;Cascavel;Estadual;PR;0.637;Cruzado com Sucesso
Colégio Estadual Amâncio Moro;41072626;AMANCIO MORO C E CM EF M N PROFIS;Corbélia;Estadual;PR;1.233;Cruzado com Sucesso
Colégio Estadual D.Bosco;41009126;BOSCO C E CM DEF M;Cianorte;Estadual;PR;1.175;Cruzado com Sucesso
Primo Manfrinato, C E-Ef M;41009363;PRIMO MANFRINATO C E CMEF M PROFIS;Cianorte;Estadual;PR;1.175;Cruzado com Sucesso
Castro Alves, C E-Em;41093313;CASTRO ALVES C E CMEF M;Pato Branco;Estadual;PR;1.233;Cruzado com Sucesso
Escola Estadual Professor Leo Kohler;41018800;LEO KOHLER E E CM PROFEF;Terra Boa;Estadual;PR;1.233;Cruzado com Sucesso
Colégio Cívico Militar Prof. Mailon Medeiros;41043286;MAILON MEDEIROS C E CM PROFEF M;Bandeirantes;Estadual;PR;0.958;Cruzado com Sucesso
Andre Seugling, C E-Ef M Profis;41043936;ANDRE SEUGLING C E CMEF M;Cornélio Procópio;Estadual;PR;1.233;Cruzado com Sucesso
CEEFM Monteiro Lobato;41022416;MONTEIRO LOBATO C E CMEF M;Sertanópolis;Estadual;PR;0.958;Cruzado com Sucesso
Adelia A Lopes, E E Profa-Ef;41041003;ADELIA A LOPES C E CM PROFAEF M;Jataizinho;Estadual;PR;1.233;Cruzado com Sucesso
Colégio Estadual Cívico-Militar João XXIII;41041712;JOAO XXIII C E CMEF M;São Jerônimo da Serra;Estadual;PR;1.233;Cruzado com Sucesso
Colégio Estadual João Turin;41042085;JOAO TURIN C E CMEF M;São Sebastião da Amoreira;Estadual;PR;1.233;Cruzado com Sucesso
Paulo Mozart Machado, C E Prof-Ef M;41042336;PAULO MOZART MACHADO C E CM PROFEF M;Uraí;Estadual;PR;1.262;Cruzado com Sucesso
Nobrega Da Cunha, C E-Ef M;41043375;NOBREGA DA CUNHA C E CMEF M;Bandeirantes;Estadual;PR;1.233;Cruzado com Sucesso
Escola Estadual Cívico Militar Professor Antônio Bitonti;41046218;ANTONIO BITONTI E E CM PROFEF;Sertaneja;Estadual;PR;1.233;Cruzado com Sucesso
Arlindo Carvalho De Amorim, C E-Ef M;41127340;ARLINDO C DE AMORIM C E CMEF M PROFIS;Curitiba;Estadual;PR;0.923;Cruzado com Sucesso
Beatriz Faria Ansay, C E-Ef M;41127609;BEATRIZ FARIA ANSAY C E CMEFMP;Curitiba;Estadual;PR;1.062;Cruzado com Sucesso
Colégio Estadual Cívico-Militar Marechal Cândido Rondon;41127897;CANDIDO RONDON C E CM MALEF M PROFIS;Curitiba;Estadual;PR;1.175;Cruzado com Sucesso
Colégio Estadual Cívico-Militar Ermelino de Leão;41129164;ERMELINO DE LEAO C E CMEF M PROFIS;Curitiba;Estadual;PR;1.175;Cruzado com Sucesso
Etelvina C Ribas, C E Profa-Ef M;41129253;ETELVINA C RIBAS C E CM PROFAEF M P;Curitiba;Estadual;PR;1.233;Cruzado com Sucesso
Colégio Estadual Cívico-Militar Getúlio Vargas;41129580;GETULIO VARGAS C E CMEF M PROFIS;Curitiba;Estadual;PR;1.175;Cruzado com Sucesso
Escola Estadual Gottlieb Müeller;41129628;GOTTLIEB MUELLER C E CMEF M PROFIS;Curitiba;Estadual;PR;1.175;Cruzado com Sucesso
Colégio Estadual Cívico-militar João Turin;41042085;JOAO TURIN C E CMEF M;São Sebastião da Amoreira;Estadual;PR;1.233;Cruzado com Sucesso
Colégio Estadual Luiz Carlos Paula e Souza;41130669;LUIZ CARLOS P E SOUZA C E CM PROFEF M;Curitiba;Estadual;PR;1.048;Cruzado com Sucesso
Colégio Cívico Militar Manoel A Guimaraes, C E Sen-Ef M;41130782;MANOEL A GUIMARAES C E CM SEN EF M P;Curitiba;Estadual;PR;1.017;Cruzado com Sucesso
Colégio Estadual Professor Olavo Del Claro;41131886;OLAVO DEL CLARO C E CM PROFEF M P;Curitiba;Estadual;PR;1.262;Cruzado com Sucesso
Colegio Estadual Cívico Militar Republica Oriental Do Uruguai;41132882;REPUBLICA ORIENTAL URUGUAI C E CMEF M;Curitiba;Estadual;PR;1.262;Cruzado com Sucesso
Sebastiao Saporski, C E-Ef M;41133404;SEBASTIAO SAPORSKI C E CMEF M PROFIS;Curitiba;Estadual;PR;1.175;Cruzado com Sucesso
Segismundo Falarz, C E C-M-Ef M;41133412;SEGISMUNDO FALARZ C E CMEF M;Curitiba;Estadual;PR;1.233;Cruzado com Sucesso
Colégio Cívico Militar Senhorinha de Moraes Sarmento;41133471;SENHORINHA M SARMENTO C E CMEF M P;Curitiba;Estadual;PR;0.815;Cruzado com Sucesso
Yvone Pimentel, C E-Ef M;41134435;YVONE PIMENTEL C E CMEF M PROFIS;Curitiba;Estadual;PR;1.175;Cruzado com Sucesso
Colégio Estadual Cívico-Militar Cruzeiro do Sul;41128664;CRUZEIRO DO SUL C E CMEF M P;Curitiba;Estadual;PR;1.233;Cruzado com Sucesso
Guido Arzua, C E Prof-Ef M;41531876;GUIDO ARZUA C E CMEF M P;Curitiba;Estadual;PR;1.233;Cruzado com Sucesso
Colégio Estadual Cívico Militar Jayme Canet;41130065;JAYME CANET C E CMEF M P;Curitiba;Estadual;PR;1.233;Cruzado com Sucesso
Joao Loyola, C E Prof-Ef M;41130146;JOAO LOYOLA C E CM PROFEF M P;Curitiba;Estadual;PR;1.233;Cruzado com Sucesso
Joao Paulo I, C E Papa-Ef M;41057694;JOAO PAULO II C E CMEF M;Arapoti;Estadual;PR;0.958;Cruzado com Sucesso
Colégio Estadual Cívico-Militar Padre João Wislinski;41130200;JOAO WISLINSKI C E CM PEEF M N P;Curitiba;Estadual;PR;1.233;Cruzado com Sucesso
Julio Mesquita, C E Prof-Ef M Profis;41130359;JULIO MESQUITA C E CM PROFEF M PROFIS;Curitiba;Estadual;PR;1.175;Cruzado com Sucesso
Lamenha Lins, C E Pres-Em Profis;41130421;LAMENHA LINS C E CM PRESEF M P;Curitiba;Estadual;PR;0.958;Cruzado com Sucesso
Colégio Estadual Prof° Luiza Ross;41130685;LUIZA ROSS C E CM PROFAEF M P;Curitiba;Estadual;PR;1.233;Cruzado com Sucesso
Colégio Estadual Milton Carneiro;41131223;MILTON CARNEIRO C E CMEF M P;Curitiba;Estadual;PR;1.233;Cruzado com Sucesso
Colégio Estadual Cívico-Militar Pinheiro do Paraná;41132475;PINHEIRO DO PARANA C E CMEF M P;Curitiba;Estadual;PR;1.233;Cruzado com Sucesso
Colégio Estadual Cívico Militar Santa Felicidade;41133137;SANTA FELICIDADE C E CMEF M P;Curitiba;Estadual;PR;1.233;Cruzado com Sucesso
Santo Antônio;41104897;SANTO ANTONIO C E CMEF M;Pinhão;Estadual;PR;1.233;Cruzado com Sucesso
Colégio Estadual Cívico Militar Vinícius de Moraes;41024869;VINICIUS DE MORAES C E CMEF M;Maringá;Estadual;PR;1.233;Cruzado com Sucesso
Jorge De Lima, E E-Ef;41089006;JORGE DE LIMA E E CMEF;Salto do Lontra;Estadual;PR;1.233;Cruzado com Sucesso
Colégio Estadual Cívico Militar Leonardo da Vinci - Ensino Fundamental, Médio e Profissional;41084772;LEONARDO DA VINCI C E CMEF M N PROFIS;Dois Vizinhos;Estadual;PR;0.654;Cruzado com Sucesso
Carmelita S Dias, C E Profa-Ef M;41076125;CARMELITA S DIAS C E CM PROFAEF M P;Foz do Iguaçu;Estadual;PR;1.233;Cruzado com Sucesso
Colégio Estadual Presidente Castelo Branco;41007280;CASTELO BRANCO E E CM PRESEF;Tapira;Estadual;PR;1.233;Cruzado com Sucesso
Colégio Estadual Pres. Costa e Silva;41076265;COSTA E SILVA C E CM PRESEF M PROFIS;Foz do Iguaçu;Estadual;PR;1.175;Cruzado com Sucesso
Colégio Estadual Cívico-Militar Tancredo de Almeida Neves;41102959;TANCREDO DE ALMEIDA NEVES C E EF M;Laranjeiras do Sul;Estadual;PR;1.15;Cruzado com Sucesso
Colégio Estadual Tarquínio Santos;41076877;TARQUINIO SANTOS C E CMEF M PROFIS;Foz do Iguaçu;Estadual;PR;1.175;Cruzado com Sucesso
Colégio Estadual Cívico Militar Ipê Roxo;41378571;IPE ROXO C E CMEF M PROFIS;Foz do Iguaçu;Estadual;PR;1.175;Cruzado com Sucesso
Colégio Estadual Sol de Maio;41378598;SOL DE MAIO C E CMEF M PROFIS;Foz do Iguaçu;Estadual;PR;1.175;Cruzado com Sucesso
Colégio Estadual Tancredo Neves;41076869;TANCREDO DE A NEVES C E CMEF M N P;Foz do Iguaçu;Estadual;PR;1.233;Cruzado com Sucesso
Colégio Cívico-Militar Naira Fellini;41144333;NAIRA FELLINI C E CMEF M PROFIS;Medianeira;Estadual;PR;0.923;Cruzado com Sucesso
Colégio Estadual Cívico Militar Angelo Antonio Benedet;41372395;ANGELO ANTONIO BENEDET C E CMEF M P;Santa Terezinha de Itaipu;Estadual;PR;1.262;Cruzado com Sucesso
Colégio Estadual Nestor Victor dos Santos;41079116;NESTOR V DOS SANTOS C E CMEF M PROFIS;São Miguel do Iguaçu;Estadual;PR;0.923;Cruzado com Sucesso
Colégio Estadual Carlos Drummond de Andrade;41063619;CARLOS DRUMMOND DE ANDRADE E E EF;Assis Chateaubriand;Estadual;PR;1.15;Cruzado com Sucesso
Colegio Estadual Do Campo Presidente Kennedy;41077776;KENNEDY C E C CM PRESEF M;Serranópolis do Iguaçu;Estadual;PR;0.792;Cruzado com Sucesso
Colégio Estadual Santa Rita;41148550;SANTA RITA E E CMEF;Foz do Iguaçu;Estadual;PR;1.233;Cruzado com Sucesso
Colégio Estadual Marechal Artur da Costa e Silva;41076265;COSTA E SILVA C E CM PRESEF M PROFIS;Foz do Iguaçu;Estadual;PR;0.923;Cruzado com Sucesso
Colégio Estadual Cívico-Militar Candido Portinari;41079590;CANDIDO PORTINARI C E CMEF M;Ampére;Estadual;PR;1.233;Cruzado com Sucesso
Vicente De Carli, C E Prof-Ef M;41086600;VICENTE DE CARLI C E CM PROFEF M;Francisco Beltrão;Estadual;PR;1.233;Cruzado com Sucesso
Colégio Estadual Beatriz Biavatti;41144058;BEATRIZ BIAVATTI C E CMEF M;Francisco Beltrão;Estadual;PR;1.233;Cruzado com Sucesso
Escola Estadual Dom Carlos Eduardo;41082249;CARLOS EDUARDO C E CM DEF M;Realeza;Estadual;PR;1.233;Cruzado com Sucesso
Manoel Ribas, E E Interventor-Ef;41089545;MANOEL RIBAS C E CM INTERVENTOREF M;Santo Antônio do Sudoeste;Estadual;PR;0.958;Cruzado com Sucesso
Colégio João Zacco;41081340;JOAO ZACCO PARANA C E CMEF M;Planalto;Estadual;PR;0.923;Cruzado com Sucesso
Colégio Cívico-Militar Vila Guaira, C E-Ef M;41012747;VILA GUAIRA C E CMEF M;Goioerê;Estadual;PR;0.958;Cruzado com Sucesso
Colégio Estadual Cívico Militar Olavo Bilac;41014375;OLAVO BILAC C E CMEF M;Ubiratã;Estadual;PR;1.233;Cruzado com Sucesso
Escola Ribeiro de Campos, E E C-M-Ef;41012631;RIBEIRO DE CAMPOS E E CMEF;Goioerê;Estadual;PR;0.958;Cruzado com Sucesso
COLÉGIO ESTADUAL VEREADOR HEITOR ROCHA KRAMER - EFM.;41100484;HEITOR ROCHA KRAMER C E CM VEREF M;Guarapuava;Estadual;PR;1.048;Cruzado com Sucesso
Mahatma Gandhi, C E-Ef M;41100778;MAHATMA GANDHI C E CMEF M PROFIS;Guarapuava;Estadual;PR;1.175;Cruzado com Sucesso
Colégio Estadual Manoel Ribas;41089545;MANOEL RIBAS C E CM INTERVENTOREF M;Santo Antônio do Sudoeste;Estadual;PR;1.233;Cruzado com Sucesso
Colégio Estadual Cívico-Militar Santo Antônio;41104897;SANTO ANTONIO C E CMEF M;Pinhão;Estadual;PR;1.233;Cruzado com Sucesso
COLÉGIO ESTADUAL ENGENHEIRO MICHEL GASTON PROSPER AUGUSTA REYDAMS;41104447;MICHEL G P A REYDAMS C E CM ENGEF M;Reserva do Iguaçu;Estadual;PR;0.667;Cruzado com Sucesso
Colégio Estadual Edite Cordeiro Marques;41106628;EDITE C MARQUES C E CMEF M;Turvo;Estadual;PR;0.958;Cruzado com Sucesso
Colégio Estadual Professora Leni Marlene Jacob;41100689;LENI MARLENE JACOB C E CM PROFAEF M P;Guarapuava;Estadual;PR;1.262;Cruzado com Sucesso
Colégio Estadual Parigot de Souza;41023382;PEDRO V PARIGOT SOUZA C E CMEF M P;Marialva;Estadual;PR;1.175;Cruzado com Sucesso
Caxias, C E Dq-Ef M Profis;41023811;CAXIAS C E CM DQ DEEF M PROFIS;Maringá;Estadual;PR;1.175;Cruzado com Sucesso
Joao De M Pessoa, C E-Ef M;41113250;JOAO DE M PESSOA C E CMEF M;Irati;Estadual;PR;1.233;Cruzado com Sucesso
Colégio Estadual Cívico Militar Nicolau Copérnico - EF M;41114027;NICOLAU COPERNICO C E CMEF M;Mallet;Estadual;PR;1.233;Cruzado com Sucesso
Colégio Estadual Cívico Militar Barão de Capanema - Ensino Fundamental e Médio;41156269;COLEGIO SESI CAPANEMA ENSINO MEDIO;Capanema;Privada;PR;0.663;Cruzado com Sucesso
Colégio Estadual Cívico Militar Profª Maria Ignácia;41114469;MARIA IGNACIA C E CM PROFAEF M;Rebouças;Estadual;PR;1.233;Cruzado com Sucesso
Colégio Estadual Dr Afonso Alves de Camargo;41001060;AFONSO CAMARGO C E CM PRESEF M;Loanda;Estadual;PR;0.958;Cruzado com Sucesso
Colégio Estadual Cívico-Militar Anita Garibaldi;41038100;ANITA GARIBALDI C E CMEF M PROFIS;Jardim Alegre;Estadual;PR;1.175;Cruzado com Sucesso
Colégio Estadual Nereu Ramos;41039068;NEREU RAMOS E E CMEF;Manoel Ribas;Estadual;PR;1.233;Cruzado com Sucesso
Vicente Machado, C E C-Ef M;41040694;VICENTE MACHADO C E CMEF M;São Pedro do Ivaí;Estadual;PR;1.233;Cruzado com Sucesso
Colégio Estadual Cívico Militar Antônio Diniz Pereira;41037324;ANTONIO DINIZ PEREIRA C E CMEF M;Ivaiporã;Estadual;PR;1.262;Cruzado com Sucesso
Jose De Mattos Leao, C E-Ef M;41040317;JOSE DE MATTOS LEAO C E CMEF M;São João do Ivaí;Estadual;PR;1.262;Cruzado com Sucesso
Colégio Estadual Dr. Generoso Marques;41046617;GENEROSO MARQUES C E CM DREF M;Cambará;Estadual;PR;1.233;Cruzado com Sucesso
Hercília de Paula e Silva, CECM Profª - EFM e Profissional;41050886;HERCILIA P E SILVA C E CM PROFAEF M;Carlópolis;Estadual;PR;0.727;Cruzado com Sucesso
Colégio Estadual Cívico-Militar José Pavan - EFM;41047192;JOSE PAVAN C E CMEF M;Jacarezinho;Estadual;PR;1.233;Cruzado com Sucesso
Colégio Estadual Cívico Militar Doutor João da Rocha Chueiri;41047800;JOAO DA R CHUEIRI C E CM DREF M P;Ribeirão Claro;Estadual;PR;0.958;Cruzado com Sucesso
Colégio Estadual Cívico Militar Ruth Martinez Correa;41045610;RUTH M CORREA C E CMEF M PROF;Ribeirão do Pinhal;Estadual;PR;0.958;Cruzado com Sucesso
Colégio Estadual Cívico-Militar Edith de Souza Prado de Oliveira;41048326;EDITH S PRADO DE OLIVEIRA C E CMEF M;Santo Antônio da Platina;Estadual;PR;1.048;Cruzado com Sucesso
Colégio Cívico-militar Moralina Eleutério;41048563;MORALINA ELEUTERIO C E CM DONAEF M;Santo Antônio da Platina;Estadual;PR;0.958;Cruzado com Sucesso
Escola Estadual Stella Maris;41042778;STELLA MARIS C E CMEF M;Andirá;Estadual;PR;1.233;Cruzado com Sucesso
Colégio Estadual Dona Carolina Lupion;41046552;CAROLINA LUPION C E CM DONAEF M;Cambará;Estadual;PR;1.233;Cruzado com Sucesso
Colégio Estadual Cívico Militar Anésio de Almeida Leite;41046960;ANESIO DE A LEITE C E CMEF M PROFIS;Jacarezinho;Estadual;PR;0.923;Cruzado com Sucesso
Antonio Raminelli, C E C M -E F M P;41028430;ANTONIO RAMINELLI C E CMEF M PROFIS;Cambé;Estadual;PR;1.175;Cruzado com Sucesso
Colégio Estadual Cívico Militar Érico Veríssimo - Ensino fundamental e médio;41102274;ERICO VERISSIMO C E CMEF M;Laranjeiras do Sul;Estadual;PR;0.727;Cruzado com Sucesso
11 De Outubro, C E-Ef M;41028996;11 DE OUTUBRO C E CMEF M PROFIS;Cambé;Estadual;PR;1.175;Cruzado com Sucesso
Basilio De Lucca, C E-Ef M;41029151;BASILIO DE LUCCA C E CMEF M;Ibiporã;Estadual;PR;1.233;Cruzado com Sucesso
Ulysses Guimaraes, E E-Ef;41144252;ULYSSES GUIMARAES C E CMEF M;Ibiporã;Estadual;PR;1.233;Cruzado com Sucesso
Colégio Estadual Cívico-Militar Professora Adelia Dionisia Barbosa;41029500;ADELIA D BARBOSA C E CM PROFAEF M P;Londrina;Estadual;PR;0.958;Cruzado com Sucesso
Josemaria Escriva, E E Mons-Ef;41030451;JOSEMARIA ESCRIVA C E CM MONSEF M;Londrina;Estadual;PR;0.958;Cruzado com Sucesso
Fernando De B Pinto, CECM Dr-EfEm;41030966;FERNANDO DE B PINTO C E CM DREF M;Londrina;Estadual;PR;0.815;Cruzado com Sucesso
Tsuru Oguido, C E C-M - Ef M;41033280;TSURU OGUIDO C E CMEF M;Londrina;Estadual;PR;1.233;Cruzado com Sucesso
Vani Ruiz Viessi;41033370;VANI RUIZ VIESSI C E CM PROFAEF M;Londrina;Estadual;PR;1.262;Cruzado com Sucesso
Colégio Estadual Cívico Militar Vista Bela;41159586;VISTA BELA C E CMEF M PROFIS;Londrina;Estadual;PR;1.175;Cruzado com Sucesso
Francisco Villanueva,C E Prof-E F M P;41020286;FRANCISCO J PERIOTO E E CM PROFEF;Mandaguaçu;Estadual;PR;0.762;Cruzado com Sucesso
Colégio Estadual Presidente Kennedy;41077776;KENNEDY C E C CM PRESEF M;Serranópolis do Iguaçu;Estadual;PR;1.175;Cruzado com Sucesso
Jose Alexandre Chiarelli, Ce Prof-Ef M;41152913;JOSE ALEX CHIARELLI C E CM PROFEF M P;Rolândia;Estadual;PR;0.923;Cruzado com Sucesso
Colégio Estadual Cívico-Militar Monteiro Lobato;41022416;MONTEIRO LOBATO C E CMEF M;Sertanópolis;Estadual;PR;1.233;Cruzado com Sucesso
Escola Estadual Anastácio Cerezine;41021100;ANASTACIO CEREZINE E E CMEF;Alvorada do Sul;Estadual;PR;1.233;Cruzado com Sucesso
Lauro G Da V Pessoa, E E Prof-Ef;41031709;LAURO G DA V PESSOA E E CM PROFEF;Londrina;Estadual;PR;1.233;Cruzado com Sucesso
Colégio Estadual Newton Guimarães;41032225;NEWTON GUIMARAES C E CM PROFEF M;Londrina;Estadual;PR;1.233;Cruzado com Sucesso
Colégio Estadual Cívico-Militar Barão do Rio Branco;41032853;RIO BRANCO C E CM BAR DOEF M;Londrina;Estadual;PR;1.233;Cruzado com Sucesso
João Rodrigues Da Silva, C E Prof-Ef M;41358872;JOAO R DA SILVA E E CM PROFEF;Londrina;Estadual;PR;0.958;Cruzado com Sucesso
Andrea Nuzzi, C E Maestro-Ef M;41028406;ANDREA NUZZI C E CM MAESTROEF M P;Cambé;Estadual;PR;0.958;Cruzado com Sucesso
Colégio Estadual Attílio Codato - Ensino Fundamental e Médio;41028457;ATTILIO CODATO C E CMEF M;Cambé;Estadual;PR;0.727;Cruzado com Sucesso
Colégio Civíco-Militar Estadual Professora Helena Kolody;41028732;HELENA KOLODY C E CM PROFEF M;Cambé;Estadual;PR;0.815;Cruzado com Sucesso
Manuel Bandeira, C E-Ef Em;41028902;MANUEL BANDEIRA C E CMEF M PROFIS;Cambé;Estadual;PR;1.175;Cruzado com Sucesso
Colégio Estadual Carlos de Almeida;41030125;CARLOS DE ALMEIDA C E CMEF M PROFIS;Londrina;Estadual;PR;1.175;Cruzado com Sucesso
Escola Estadual Professora Célia Moraes Oliveira;41030265;CELIA M DE OLIVEIRA C E CM PROFEF M P;Londrina;Estadual;PR;0.958;Cruzado com Sucesso
Colégio Estadual Professor Doutor Heber Soares Vargas;41030800;HEBER S VARGAS C E CM PROF DREF M P;Londrina;Estadual;PR;0.958;Cruzado com Sucesso
Hugo Simas, C E-Ef M;41031237;HUGO SIMAS C E CMEF M PROFIS;Londrina;Estadual;PR;1.175;Cruzado com Sucesso
Colégio Estadual Humberto P Coutinho;41031253;HUMBERTO P COUTINHO C E CMEF M PROFIS;Londrina;Estadual;PR;1.175;Cruzado com Sucesso
Colégio Estadual Margarida de Barros Lisboa;41031873;MARGARIDA B LISBOA C E CM PROFAEF M;Londrina;Estadual;PR;0.958;Cruzado com Sucesso
Nilo Pecanha, C E-Ef M;41032241;NILO PECANHA C E CMEF M PROFIS;Londrina;Estadual;PR;1.175;Cruzado com Sucesso
Colégio Estadual Do Patrimônio Regina;41597915;PATRIMONIO REGINA C E CM DOEF M;Londrina;Estadual;PR;1.233;Cruzado com Sucesso
Colegio Estadual Profº. Thiago Terra;41355156;THIAGO TERRA C E CMEF M PROF;Londrina;Estadual;PR;0.958;Cruzado com Sucesso
Colégio Estadual Pe Wistremundo R. P. Garcia;41030486;WISTREMUNDO R P GARCIA C E CM PEEFM P;Londrina;Estadual;PR;1.233;Cruzado com Sucesso
Colégio Estadual Dr. Lauro Portugal Tavares;41033620;LAURO P TAVARES C E CM DREF M;Rolândia;Estadual;PR;0.958;Cruzado com Sucesso
Colégio Estadual Serafim França;41019229;SERAFIM FRANCA C E CMEF M PROFIS;Astorga;Estadual;PR;1.175;Cruzado com Sucesso
Colégio Estadual Cecília Meireles;41020910;CECILIA MEIRELES E E CMEF;Santa Fé;Estadual;PR;1.233;Cruzado com Sucesso
Colégio Estadual São Vicente Pallotti;41023161;SAO VICENTE PALLOTTI C E CMEF M P;Mandaguari;Estadual;PR;1.262;Cruzado com Sucesso
Colégio estadual Pedro Viriato Parigot de Souza;41023382;PEDRO V PARIGOT SOUZA C E CMEF M P;Marialva;Estadual;PR;1.048;Cruzado com Sucesso
Colégio Estadual Alberto J. Byington Jr.;41023552;ALBERTO J BYINGTON JR C ECMEF M PROFI;Maringá;Estadual;PR;1.01;Cruzado com Sucesso
Colégio Estadual Duque de Caxias cívico-militar;41026500;CAXIAS E M R DUQUE DEEF;Arapongas;Municipal;PR;0.883;Cruzado com Sucesso
Colégio Estadual Ipiranga;41024079;IPIRANGA C E CMEF M;Maringá;Estadual;PR;1.175;Cruzado com Sucesso
Colégio Estadual Tomaz Edison de Andrade Vieira;41024796;TOMAZ E DE A VIEIRA C E CMEF M PROFIS;Maringá;Estadual;PR;0.792;Cruzado com Sucesso
Colégio Estadual Vinícius de Moraes;41024869;VINICIUS DE MORAES C E CMEF M;Maringá;Estadual;PR;1.233;Cruzado com Sucesso
Colégio Estadual Vercindes Gerotto dos Reis;41025040;VERCINDES G DOS REIS C E CMEF M PROFI;Paiçandu;Estadual;PR;0.923;Cruzado com Sucesso
Colégio Estadual Cora Coralina;41145500;CORA CORALINA C E CMEF M PROFIS;Sarandi;Estadual;PR;1.175;Cruzado com Sucesso
Colégio Estadual do Jardim Independência;41025105;JARDIM INDEPENDENCIA C E DOEF M PROFIS;Sarandi;Estadual;PR;0.975;Cruzado com Sucesso
Escola Estadual Cecília Meireles;41020910;CECILIA MEIRELES E E CMEF;Santa Fé;Estadual;PR;1.233;Cruzado com Sucesso
Escola Estadual Pres. Arthur da Costa e Silva;41022750;ARTHUR C E SILVA E E CM PRESEF;Floresta;Estadual;PR;0.958;Cruzado com Sucesso
Escola Estadual Cívico-Militar F. J. Perioto – Ensino Fundamental;41133129;SANTA CRUZ ESC EST ENSINO FUNDAMENTAL;Curitiba;Estadual;PR;0.683;Cruzado com Sucesso
Manoel F Almeida, E E Dr-Ef;41021010;MANOEL F ALMEIDA E E CM DREF;Santo Inácio;Estadual;PR;1.233;Cruzado com Sucesso
Colégio Estadual Presidente Afonso Camargo;41001060;AFONSO CAMARGO C E CM PRESEF M;Loanda;Estadual;PR;1.233;Cruzado com Sucesso
Colégio Estadual Cívico-Militar Vale do Tigre;41001672;VALE DO TIGRE C E CMEF M;Nova Londrina;Estadual;PR;1.233;Cruzado com Sucesso
Colégio Estadual Alberico M da Silva;41003330;ALBERICO M DA SILVA C E CMEF M;Santa Isabel do Ivaí;Estadual;PR;1.233;Cruzado com Sucesso
Colégio Estadual Cívico Militar Santos Dumont;41003292;SANTOS DUMONT C E CMEF M;Santa Cruz de Monte Castelo;Estadual;PR;1.233;Cruzado com Sucesso
Moyses Lupion, C E-Ef M;41138880;MOYSES LUPION C E CMEF M N PROFIS;Antonina;Estadual;PR;1.175;Cruzado com Sucesso
29 De Abril, C E-Ef M;41010710;11 DE ABRIL C EEF M;Tapejara;Estadual;PR;0.562;Cruzado com Sucesso
Escola Estadual Professora Abigail Dos Santos Correa;41139895;ABIGAIL DOS S CORREA E E CM PROFAEF;Matinhos;Estadual;PR;0.958;Cruzado com Sucesso
Colégio Estadual Cívico Militar Dídio Augusto de Camargo Viana;41140605;DIDIO A DE C VIANA E E CMEF;Paranaguá;Estadual;PR;0.815;Cruzado com Sucesso
Escola Estadual Cívico Militar Faria Sobrinho;41140664;FARIA SOBRINHO E E CMEF;Paranaguá;Estadual;PR;1.233;Cruzado com Sucesso
Colégio Estadual Cívico-Militar Helena Viana Sundin, Ensino Fundamental e Ensino Médio;41140729;HELENA VIANA SUNDIN C E CMEF M;Paranaguá;Estadual;PR;0.825;Cruzado com Sucesso
Colegio Estadual Hélio Antônio De Souza;41361563;HELIO ANTONIO DE SOUZA C E CMEF M;Pontal do Paraná;Estadual;PR;1.262;Cruzado com Sucesso
Colégio Estadual Sertãozinho;41140052;SERTAOZINHO C E CMEF M N PROFIS;Matinhos;Estadual;PR;1.117;Cruzado com Sucesso
Colégio Estadual Cívico Militar Flauzina Dias Viegas;41002148;FLAUZINA DIAS VIEGAS C E CMEF M;Paranavaí;Estadual;PR;1.262;Cruzado com Sucesso
Colégio Estadual Leonel Franca;41002296;LEONEL FRANCA C E CMEF M PROFIS;Paranavaí;Estadual;PR;1.175;Cruzado com Sucesso
Colégio Estadual Sílvio Vidal;41002636;SILVIO VIDAL C E CMEF M PROFIS;Paranavaí;Estadual;PR;1.175;Cruzado com Sucesso
Escola Estadual Agostinho Stefanello;41000021;AGOSTINHO STEFANELLO E E CMEF;Alto Paraná;Estadual;PR;1.233;Cruzado com Sucesso
Colégio Estadual Santo Inácio de Loyola;41004051;SANTO INACIO DE LOYOLA C E CMEF M;Terra Rica;Estadual;PR;1.262;Cruzado com Sucesso
Colégio Estadual Cívico-Militar l Nova Visão;41091396;NOVA VISAO C E CMEF M PROFIS;Chopinzinho;Estadual;PR;1.175;Cruzado com Sucesso
Colégio Estadual Pres. Castelo Branco;41007280;CASTELO BRANCO E E CM PRESEF;Tapira;Estadual;PR;1.233;Cruzado com Sucesso
Tancredo Neves, C E-Ef M;41076869;TANCREDO DE A NEVES C E CMEF M N P;Foz do Iguaçu;Estadual;PR;1.233;Cruzado com Sucesso
Sebastiao Parana, C E-Ef M;41109422;SEBASTIAO PARANA C E CMEF M PROFIS;Palmas;Estadual;PR;1.175;Cruzado com Sucesso
Colégio Estadual Cívico Militar Monsenhor Eduardo;41082249;CARLOS EDUARDO C E CM DEF M;Realeza;Estadual;PR;0.762;Cruzado com Sucesso
Carmela Bortot, E E-Ef;41093305;CARMELA BORTOT C E CMEF M;Pato Branco;Estadual;PR;1.233;Cruzado com Sucesso
Castro Alves, C E-Ef M;41093313;CASTRO ALVES C E CMEF M;Pato Branco;Estadual;PR;1.233;Cruzado com Sucesso
Colégio Estadual Rui Barbosa;41093607;RUI BARBOSA C E CMEF M;Pato Branco;Estadual;PR;1.233;Cruzado com Sucesso
Escola Estadual Irmão Isidoro Dumont - EF;41092694;ISIDORO DUMONT E E CM IREF;Itapejara d'Oeste;Estadual;PR;0.958;Cruzado com Sucesso
Colégio Estadual São João Bosco - EFM;41093666;SAO JOAO BOSCO C E CMEF M P;Pato Branco;Estadual;PR;1.262;Cruzado com Sucesso
Colégio Estadual João C. da Costa;41095537;JOAO C DA COSTA C E CMEF M;Palmital;Estadual;PR;1.233;Cruzado com Sucesso
Colégio Estadual Cívico Militar Dom Pedro I;41056540;SAO PEDRO C E CMEF M;Telêmaco Borba;Estadual;PR;1.117;Cruzado com Sucesso
Colégio Estadual Cívico Militar Eurico Batista Rosas;41352718;EURICO BATISTA ROSAS C E CMEF M;Carambeí;Estadual;PR;1.262;Cruzado com Sucesso
Colégio Estadual Cívico-Militar Joana Torres Pereira;41060253;JOANA T PEREIRA C E CM PROFA EF M;Castro;Estadual;PR;1.017;Cruzado com Sucesso
Colégio Estadual Prof. Nicolau Hampf;41373960;NICOLAU HAMPF C E CM PROFEF M;Castro;Estadual;PR;1.233;Cruzado com Sucesso
Colégio Estadual Cívico-Militar Alcides Munhoz;41109570;ALCIDES MUNHOZ C E CMEF M;Imbituva;Estadual;PR;1.233;Cruzado com Sucesso
Colégio Estadual Cívico-Militar São Judas Tadeu;41061748;SAO JUDAS TADEU C E CMEF M PROF;Palmeira;Estadual;PR;1.262;Cruzado com Sucesso
Colégio Estadual Cívico-Militar Prof• Leandro Manoel da Costa;41058844;LEANDRO M DA COSTA C E CM PROFEF M P;Piraí do Sul;Estadual;PR;0.958;Cruzado com Sucesso
Colégio Estadual Cívico-Militar General Antônio Sampaio;41062000;ANTONIO SAMPAIO C E CM GALEF M;Ponta Grossa;Estadual;PR;1.233;Cruzado com Sucesso
Colégio Estadual Cívico-Militar Professor Colares;41062302;COLARES C E CM PROFEF M;Ponta Grossa;Estadual;PR;1.175;Cruzado com Sucesso
Colégio Estadual Cívico-Militar José Elias da Rocha;41062833;JOSE ELIAS DA ROCHA C E CMEF M PROFIS;Ponta Grossa;Estadual;PR;1.21;Cruzado com Sucesso
Colégio Estadual Cívico-Militar Frei Doroteu de Padua;41063236;DOROTEU DE PADUA C E CM FREF M PROFIS;Ponta Grossa;Estadual;PR;0.923;Cruzado com Sucesso
Colégio Estadual Cívico-Militar Coronel Amazonas;41122453;AMAZONAS C E CM CELEF M P;Porto Amazonas;Estadual;PR;1.175;Cruzado com Sucesso
Colégio Estadual Cívico Militar General Osório;41063155;OSORIO C E CM GALEF M PROFIS;Ponta Grossa;Estadual;PR;1.117;Cruzado com Sucesso
Colégio cívico militar do Paraná Becker e Silva;41062108;BECKER E SILVA C E CM PROFEF M PROFIS;Ponta Grossa;Estadual;PR;0.792;Cruzado com Sucesso
Colégio Estadual Cívico-Militar Padre Carlos Zelesny;41062191;CARLOS ZELESNY C E CM PEEF M;Ponta Grossa;Estadual;PR;1.233;Cruzado com Sucesso
Colégio Estadual Cívico Militar Prof. Edison Pietrobelli;41354273;EDISON PIETROBELLI E E CM PROFEF;Ponta Grossa;Estadual;PR;1.233;Cruzado com Sucesso
Colégio Cívico-Militar Dr. Epaminondas Novaes Ribas;41062469;EPAMINONDAS N RIBAS C E CM DREF M P;Ponta Grossa;Estadual;PR;0.815;Cruzado com Sucesso
Nossa Sra Da Gloria, C E-Ef M;41063139;NOSSA SRA DA GLORIA C E CMEF M;Ponta Grossa;Estadual;PR;1.262;Cruzado com Sucesso
Colégio Estadual Cívico Militar José de Alencar;41049098;JOSE DE ALENCAR C E CMEF M;Curiúva;Estadual;PR;1.233;Cruzado com Sucesso
Colégio Estadual Cívico-Militar Gregório Szeremeta;41145690;GREGORIO SZEREMETA C E CMEF M;Reserva;Estadual;PR;1.233;Cruzado com Sucesso
Colégio Estadual Prof. Custódio Netto;41056140;CUSTODIO NETTO C E CM PROFEF M PROFIS;Telêmaco Borba;Estadual;PR;1.175;Cruzado com Sucesso
Colégio Estadual Dr. Marcelino Nogueira;41056361;MARCELINO NOGUEIRA C E CM DREF M;Telêmaco Borba;Estadual;PR;1.233;Cruzado com Sucesso
Colégio Estadual Profª. Maria Aparecida Militão de S. Pereira;41056388;MARIA AP M S PEREIRA C E CM PROFAEF M;Telêmaco Borba;Estadual;PR;0.792;Cruzado com Sucesso
Colégio Estadual Cívico-Militar São Pedro;41056540;SAO PEDRO C E CMEF M;Telêmaco Borba;Estadual;PR;1.233;Cruzado com Sucesso
Colégio Estadual Cívico Militar Presidente Vargas;41021592;VARGAS C E CM PRESEF M;Bela Vista do Paraíso;Estadual;PR;1.175;Cruzado com Sucesso
Colégio Estadual Jardim Alegre;41056264;JARDIM ALEGRE C E CMEF M PROFIS;Telêmaco Borba;Estadual;PR;1.175;Cruzado com Sucesso
Colégio Estadual Jardim Zeballos;41360826;JARDIM ZEBALLOS C E CMEF M PROFIS;Guaíra;Estadual;PR;1.175;Cruzado com Sucesso
Colégio Estadual Frentino Sackser;41065425;FRENTINO SACKSER C E CMEF M PROF;Marechal Cândido Rondon;Estadual;PR;1.233;Cruzado com Sucesso
Colegio Estadual Marechal Rondon;41065662;RONDON C E CM MALEF M;Marechal Cândido Rondon;Estadual;PR;1.175;Cruzado com Sucesso
Colégio Estadual Barão do Rio Branco;41032853;RIO BRANCO C E CM BAR DOEF M;Londrina;Estadual;PR;1.233;Cruzado com Sucesso
Colégio Estadual Cívico-Militar Antonio José Reis;41068203;ANTONIO J REIS C E CMEF M;Toledo;Estadual;PR;0.958;Cruzado com Sucesso
Colégio Estadual Cívico Militar Jardim Maracanã;41068653;JARDIM MARACANA C E CMEF M;Toledo;Estadual;PR;1.233;Cruzado com Sucesso
Novo Horizonte, C E-Ef M;41068980;NOVO HORIZONTE C E CMEF M PROFIS;Toledo;Estadual;PR;1.175;Cruzado com Sucesso
Escola Estadual Graciliano Ramos;41067029;GRACILIANO RAMOS E E CMEF;Santa Helena;Estadual;PR;1.233;Cruzado com Sucesso
Joao Arnaldo Ritt, C E-Ef M;41068688;JOAO ARNALDO RITT C E CMEF M;Toledo;Estadual;PR;1.262;Cruzado com Sucesso
Luiz Augusto M Rego, C E-Ef M Profis;41068807;LUIZ AUGUSTO M REGO C E CMEF M PROFIS;Toledo;Estadual;PR;1.21;Cruzado com Sucesso
Colégio Estadual Cívico-Militar Cruzeiro do Oeste;41005090;CRUZEIRO DO OESTE C E CMEF M PROFIS;Cruzeiro do Oeste;Estadual;PR;1.175;Cruzado com Sucesso
Douradina, C E-Ef M;41005384;DOURADINA C E CMEF M PROFIS;Douradina;Estadual;PR;1.117;Cruzado com Sucesso
Colégio Cívico militar Padre Manuel Da Nóbrega;41008316;MANUEL DA NOBREGA C E CM PEEF M P;Umuarama;Estadual;PR;0.958;Cruzado com Sucesso
Colégio Estadual Monteiro Lobato - EF M;41022416;MONTEIRO LOBATO C E CMEF M;Sertanópolis;Estadual;PR;1.233;Cruzado com Sucesso
Zilda Arns, C E Dra- Ef M;41008472;ZILDA ARNS C E CM DRA EF M;Umuarama;Estadual;PR;1.35;Cruzado com Sucesso
Colégio Estadual Anchieta;41004957;ANCHIETA C E CMEF M N;Cruzeiro do Oeste;Estadual;PR;1.175;Cruzado com Sucesso
Castelo Branco, C E Pres-Ef M;41007280;CASTELO BRANCO E E CM PRESEF;Tapira;Estadual;PR;1.233;Cruzado com Sucesso
Colégio Estadual Cívico-Militar Novo Milênio;41358791;NOVO MILENIO C E CMEF M;Bituruna;Estadual;PR;1.233;Cruzado com Sucesso
Colégio Estadual Bernardina Schleder;41117905;BERNARDINA SCHLEDER C E CMEF M;União da Vitória;Estadual;PR;1.233;Cruzado com Sucesso
Colégio Estadual João Paulo II;41057694;JOAO PAULO II C E CMEF M;Arapoti;Estadual;PR;1.233;Cruzado com Sucesso
Colégio Estadual Anita Canet;41058348;ANITA CANET C E CMEF M;Jaguariaíva;Estadual;PR;1.233;Cruzado com Sucesso
Colégio Estadual Olavo Bilac;41014375;OLAVO BILAC C E CMEF M;Ubiratã;Estadual;PR;1.233;Cruzado com Sucesso
Colégio Estadual Cívico-Militar Newton Sampaio EFM;41052250;NEWTON SAMPAIO C E CMEF M;São José da Boa Vista;Estadual;PR;1.233;Cruzado com Sucesso
Colégio Estadual Miguel Nassif Maluf;41053494;MIGUEL NASSIF MALUF C E CMEF M;Wenceslau Braz;Estadual;PR;1.262;Cruzado com Sucesso
Escola Estadual Erico Verissimo - Ensino Fundamental;41102274;ERICO VERISSIMO C E CMEF M;Laranjeiras do Sul;Estadual;PR;0.815;Cruzado com Sucesso
Vila John Kennedy, C E Da-Ef M;41106172;VILA JOHN KENNEDY C E CM DAEF M;Quedas do Iguaçu;Estadual;PR;1.262;Cruzado com Sucesso
Colégio Estadual Osório Duque Estrada;41073037;OSORIO DUQUE ESTRADA C E CMEF M;Diamante do Sul;Estadual;PR;1.262;Cruzado com Sucesso
Colégio Estadua Alto Recreio;41105176;ALTO RECREIO C E CMEF M;Quedas do Iguaçu;Estadual;PR;0.815;Cruzado com Sucesso
Colégio Estadual Cívico Militar Júlio Farah;41049764;JULIO FARAH C E CMEF M;Ibaiti;Estadual;PR;1.233;Cruzado com Sucesso
Colégio Estadual Cívico-Militar Professor Segismundo Antunes Netto 1º e 2º Grau;41052684;SEGISMUNDO A NETTO C E CM PROFEF M N;Siqueira Campos;Estadual;PR;0.667;Cruzado com Sucesso
